,Asset_001,Asset_002,Asset_003,Asset_004,Asset_005,Asset_006,Asset_007,Asset_008,Asset_009,Asset_010,Asset_011,Asset_012,Asset_013,Asset_014,Asset_015,Asset_016,Asset_017,Asset_018,Asset_019,Asset_020,Asset_021,Asset_022,Asset_023,Asset_024
2010-01-01,-0.024037798570349007,-0.023491818862020782,0.0018522993949350317,-0.01984424254885926,0.03809755492276752,0.0248011918112373,-0.002762265588327626,-0.005521545843739334,-0.021963113079448104,-0.022175677624096852,-0.01659847564426756,0.004031286253234319,-0.0015151892437492665,-0.0011067771164818465,0.005049097255124123,-0.011664166393943395,0.00458111401085309,-0.0483895253759636,-0.0045343814219548275,-0.03232864222282874,0.011397118607827635,-0.010939829915812984,0.023749676535653484,0.035534469970192994
2010-01-08,-0.021796553868223496,-0.05047771901608499,0.0032170307602964725,-0.01397169203941273,0.02563070072313951,0.05108131553669369,0.01788997842263889,0.016874354879669113,-0.004303770229945634,-0.040949140580814385,-0.003671955126177769,0.01817814823047723,-0.009794553522224483,-0.01748490476523111,-0.006796780297619405,-0.030030450573322803,0.0037305044766941567,-0.0404911584472004,0.0056931921380474655,-0.025188198945489473,0.010995396605134567,-0.011042848193798775,0.04672138778873073,0.010395790516776231
2010-01-15,0.011238423669949604,-0.024034716099809377,0.006768103963616396,-0.0054236163215227945,0.011682788897808112,0.01214169291514681,0.03557120503608013,-0.008707348913293231,0.008946895141137619,-0.019730372271840504,-0.000852005630487336,-0.01100648986977504,0.0028220283608193586,0.008583811625012906,0.006716616114953584,-0.018969501306989843,-0.011685961050014324,-0.011774503520188134,-0.016789286740213117,-0.02274851832384341,0.005765096508397937,0.016457791943203445,0.050291167835606665,0.0019278852160409185
2010-01-22,0.009326120653818232,-0.01627603068179308,-0.0018177352396455814,0.001086960521720957,0.008949804037480455,0.015316222014818389,0.007001784638701086,-0.016151601405710408,-0.023025858897322914,-0.0031735396486587165,-0.007004423138479071,-0.004208623356719631,-0.0033939659462051295,0.0046274963913869194,0.005559693302568485,-0.01902822857585037,0.0146226295938635,0.0090458308837789,0.006818740665046176,0.005292299959367738,0.019110654415032367,0.010842609449186805,0.017046564936503583,0.01656793575480499
2010-01-29,0.006722441006000818,-0.013922481246364778,0.008757274082365991,-0.0166818855562099,-0.010103637864054424,0.015274534079044307,0.010950658729675164,0.017100815164012947,-0.003168034742001883,-0.013724965970310886,-0.002114013685382474,0.000940776693114454,0.0012023729887755826,0.01300330866214832,-0.003618020190690472,0.0034828248953879784,-0.011522900957089903,0.005830979592982359,0.00028736835054810013,-0.009855078388822044,-0.003161126505551743,-0.0015034567360920695,-0.0021859777180460787,0.0209298656047289
2010-02-05,0.006025756890369499,-0.00331363860825937,-0.02194582737685718,-0.01313229405710256,-0.011227527010437634,-0.016434737732153926,0.020521692977269166,-0.009108562615132423,0.017857042822245442,0.005461763493183249,0.008840397417249186,-0.0046975009147301695,0.0035978084361092256,0.016755957997158503,-0.022369735636887482,-0.027046984656740224,-0.0033372387334751038,0.007521384997421011,0.010289709060316593,-5.566988949336216e-05,-0.009115914715013069,0.01969394255791661,0.018803456372042907,-0.004027934324210909
2010-02-12,0.05474689442032306,0.04582213222342758,0.004512561362270267,0.009379644122730868,-0.04558692836273572,-0.060590747191664594,0.004211228473881402,-0.05570847705396882,0.0016380157385690111,0.02740144296165343,0.03334130586723305,-0.02245567267335863,0.0022956174241900475,-0.01408949074217395,0.0009713714714839131,0.0444309961013665,0.03292811599845813,0.04333059187639125,0.0006213554761720268,-0.01917306137486298,-0.04823000449517578,0.03085279203497492,-0.01163289580473578,-0.04423540726075421
2010-02-19,-0.006085102619453799,-0.01561654392771551,0.008688155551463026,-0.0019569505892127314,-0.009866616184757978,-0.029308515802804795,0.02219740964466859,-0.024690756797323014,0.011402849646147958,0.006749070780817584,0.00038104106563523893,-0.010709079638392743,0.010966225045540547,-0.0023774639112426194,0.011014379913086339,0.008614806235500694,0.018876642050384293,0.009747370916607448,0.01356376818978594,0.009046304048470273,0.015112119633997442,0.00045702740815181317,0.00552414139343446,0.0072186506729168525
2010-02-26,-0.027209098794178644,-0.07378342025459592,-0.001768336556124836,-0.010267106936537665,0.013114636989962174,0.023667453332212925,0.03248494711911999,-0.015687409072540244,-0.020991239324228556,0.000412174159996382,0.003161127997110995,0.014856574300327264,-0.01183473604338493,-0.0218114314531161,0.008499547678782048,-0.06901068602262464,-0.012793704468620479,-0.04206228752297273,-0.021815006731292167,-0.04070515641811917,0.0227878180065858,0.0007718679028681122,0.05256941488806529,0.0251250569783949
2010-03-05,-0.007787863978867372,-0.014113555215336157,-0.0006363223431528342,0.013019251486115425,0.012179972687739345,0.027347056664011115,0.0008921873140384923,0.008851354843178318,-0.01958766453899412,-0.02672008266539047,-0.017781718657932554,0.012358163864183994,-0.01789195735940212,0.007572132307453426,-0.004160790548076282,0.011520697773395486,0.01177128699056364,-0.002587402640553701,-0.01613863850586195,0.031138893217751065,0.004209109066142521,-0.0040799193121843404,-0.010934043864782136,0.010469358107110267
2010-03-12,-0.022854124929045084,0.010557679675521448,-0.021490116329390938,0.01630379532707575,0.019909917494668933,-0.011439559697499723,-0.007387900576661733,-0.0029582731556376043,-0.006727182171151093,0.012268022227233343,-0.0053425803182843325,0.02212358161513966,-0.006613036845859192,0.01847028463351084,-0.005715307997113804,0.01929657222832914,-0.008048880628177275,-0.0005933022798371017,-0.00368315435812335,-0.0010013580442542278,0.009137735770194621,0.003105583789969682,-0.004621295710158973,0.01781529239898725
2010-03-19,0.031218638799690304,-0.009553021829966814,0.011436351353202144,-0.013570818975054326,-0.01534282151339658,-0.021838259939143935,0.030565378389656228,-0.010891690993842653,0.0015673141206669402,0.022098266149794134,-0.008733222299906796,-0.03136441559399174,0.016452002067558754,-0.008708602558391966,0.015552536894446505,-0.024906515027039736,0.006568765032738572,0.03772987069083365,0.014421254931028245,-0.011745744691984729,-0.014071444322623552,0.010787130500021985,-0.00951674540861805,-0.008311958716133348
2010-03-26,-0.010199163313305802,-0.029393081901215326,-0.01495456800546449,-0.011083451476818754,0.010822668649500678,0.02675266938315884,-0.02656914527634002,0.02325689466387408,0.001175970477954846,-0.019785691943311534,-0.050210192536538314,-0.0023152420801507336,0.005001071477934691,-0.027811677313886216,-0.014062736723983015,-0.014150040801341178,0.0026772031002674085,-0.029934882819802878,0.000997718303637032,0.01549166704463939,0.0343214926356919,-0.02028716258946492,-0.0037969798194201774,0.00129130061855863
2010-04-02,0.04941194718882909,0.03900961468851613,-1.3985497156619904e-05,0.005196019154460538,-0.05646697388046468,-0.04998997420295947,-0.010525046049891294,-0.012915174811890914,-0.002605613651436512,0.03640820833152444,0.035760942346200544,-0.03759862079827149,0.003405659940087095,0.014985440009197087,0.005960399701901598,0.027075701169483605,0.02916970452029575,0.04615616571542658,0.009820745925725044,0.03689106870855285,-0.02266351708153878,0.01288962862164671,-0.006129270343026858,-0.03163813869774821
2010-04-09,0.032642089757727484,0.05635547432078764,0.03240528995474532,0.015251152709509434,-0.05011952556380625,-0.051414718717568655,-0.0385504324393363,-0.015637173482763805,0.026474379109662036,0.031096850495214604,0.029707464850034497,0.007057906800113627,0.023367003972435768,0.007599559149407242,-0.010410406618261647,0.03094753551451857,0.0019028382215750738,0.04187592900399847,0.010718870731199114,-0.0060457674850444305,-0.01137787873131233,0.016088162941742812,-0.021061208174811177,-0.05645758515476381
2010-04-16,0.012950617115316967,-0.012863231799932097,0.015207153207939313,-0.026780528507614258,0.012393199636027726,0.01539341552066658,0.002219144715800033,-0.007573859196281319,0.0007040135077503624,-0.003609956268044688,0.006500069146658114,0.0035272807478776117,0.016773282967569293,0.0032750996211455934,-0.02329871727399084,-0.023181551228258317,0.001538761827005386,-0.026718142397124552,0.004693046868109497,-0.0006977967603408654,-0.01220756010781113,0.008721504021993488,0.010188345582294794,-0.0018331724752100173
2010-04-23,-0.007672480519174355,0.011135302739636418,-0.00874329864915634,-0.00840078582482708,0.05132096813843624,0.031999059315914104,-0.029538428157940708,0.037996052403804874,-0.023803999285585846,0.002394701656782629,-0.03804556476181035,0.011210877380161542,-0.018748621307596944,0.014263553690131745,-0.018713332657620353,0.025753339049258084,-0.006204459663808873,-0.02446209550189745,-0.0034798149329300886,0.025693511106119095,0.043239505227270866,-0.04965843182928197,-0.021455285388416477,0.03627689236773807
2010-04-30,-0.017039584120002532,0.01756546930261458,0.010616149113453589,0.010645895590330415,0.007656344856921053,0.007583950016376732,0.0016556373298280062,0.007928783640639536,0.013635682035316829,-0.005129630799494024,-0.016189252967182804,0.012822866672106659,0.00788844472845349,0.00705996722096689,0.008346220890381688,-0.007432632271615676,-0.012503841225213037,-0.018266441486871565,-0.02002293628570764,0.0020948962118872414,0.002902672150551115,-0.00967938254159531,-0.03341168623857032,-0.007828720373378017
2010-05-07,0.00994125562379966,-0.03784670518726202,0.008163965180542188,-0.02583647084233314,0.020218132779578398,0.009926186928417681,0.026406585968592827,0.020372753599023984,0.014155675234294776,-0.014920833599096794,-0.0027598817615396313,-0.003724229765252855,0.004996644470006911,-0.01339675256221889,0.006970267770461098,-0.003089337285338313,0.0022773396966122273,0.02117900289531327,0.004836221797317504,0.004802852155978598,0.005363945713178341,0.016286986965660624,0.013802446597128662,-0.003297219583588548
2010-05-14,0.043422676841271,0.06887849746375012,0.006817279203368855,-0.007800707466479096,-0.05685463473160013,-0.0753256410582716,-0.049289238076789685,-0.014559310445148771,0.03174919129682992,0.04224001534144952,0.0004315977343082797,-0.018276056090431484,0.015536668600571204,0.032337450188945016,-0.016976476648435858,0.02293551235896407,0.026991670836688977,0.04961927147780356,0.008041007149864299,0.009357471048620355,-0.01754017945402929,0.032161360706084406,-0.026192707618068516,-0.02994926526090069
2010-05-21,-0.03103855885103743,0.004294095992857089,-0.004291624027324264,-0.0026894055918877304,0.016021250406839445,0.009216438869361895,-0.02047012576651727,0.01000519672156307,-0.01812952891687046,-0.005793554913321685,-0.03064081223902423,0.015859764162463402,-0.02134670430721436,0.0008236338416175801,-0.01833420603686574,0.02170524776777249,-0.002389598343062305,-0.017426520069170465,0.001993678775592627,-0.013979339074029635,0.008569117168371691,0.009004846993157069,-0.01106158092602913,0.013472250139041688
2010-05-28,-0.01998069695232788,-0.0325518507534041,-0.02780465455163486,-0.026688499004168992,0.030812326395435893,0.033052381194905375,0.038187007534655676,0.0061116055669693005,-0.036320566976023635,-0.04592092028962822,-0.05136131462639833,0.00821456838116315,-0.014447090602621773,-0.011691116165931933,0.014192728849989587,-0.007443991351268348,-0.0060342987580900434,-0.056914470120557975,0.007036617635896615,-0.001093145306914939,0.018651322590057865,-0.003284730670003899,0.0004261853321572435,0.05290695583577172
2010-06-04,-0.02846201472101662,-0.008123462790662736,-0.024587381840660668,-0.011701388043024176,0.03659110728786992,0.02075671277797593,0.015707811803239175,0.013009156482209152,-0.008617485253735423,-9.941364901667332e-05,-0.017515333680656043,-0.013778590051269132,-0.017628532207912898,0.007309041500311439,0.000511605259362587,-0.024976043027423803,-0.01305654769887547,-0.025960987718792232,-0.006275662862100063,-0.014668990727981912,0.0023839626702896865,-0.021283312221946536,0.009481086081342313,0.026721464879257736
2010-06-11,-0.021090121910836247,-0.05261678306346572,0.0018324307060801031,-0.020155296407277194,0.00630703561590726,0.023208368326607526,0.022264679580514164,-0.012755340499241477,-0.009166400952534993,-0.01847708383652588,-0.027816994345620818,0.00746531999571223,-0.011182793359916496,-0.008345434402472474,0.008585346854354007,-0.04541898416782353,-0.015222250378389323,-0.02398618936129863,0.01465031047303447,-0.04279787923673673,0.014418621602191328,0.007865599579856556,0.022622062612445322,0.029708285358090857
2010-06-18,-0.012358542809353383,-0.010287600917912901,-0.01957456484290204,-0.029936891524122322,0.015410564286162293,-0.005045270595108767,-0.00011788941934057304,-0.01607772215828433,-0.01909040072122874,-0.007352403052813854,-0.010775268387326087,0.0060336533058812794,0.0036806779130471386,0.00172809090202708,0.0042242688438165156,0.013894848382161758,-0.012974736582986496,-0.005513332108033285,0.013924452482924808,0.012439404011069315,-0.014946736432443564,-0.005287400283645093,0.0205234729661996,0.010670272243168962
2010-06-25,-0.006893916309421817,0.005462982083145464,-0.010100318987473357,0.009138449178011671,0.007561333115800657,0.008073004705772263,-0.010372600624026155,0.0037759940916222024,0.004040035657477695,0.031174855920422052,-0.03421110074512929,0.008942954211556036,-0.013828195377845413,0.01542288152690613,-0.010070711198280749,0.018613705668969627,0.008719099037715419,-0.006391513543782502,0.00981904981418459,-0.01588955465438538,0.02514095104907197,-0.007176843711626885,-0.0017845878728291117,-0.007631537056013338
2010-07-02,-0.003195972831738855,0.015783161072985368,0.00023601237583357912,0.006080680335653404,0.00589656778395552,-0.032561681391462954,0.0034915773358211773,-0.0013292543870228404,0.0011830646725847433,-0.008933272511269226,0.00988054146801068,-0.03162310785693464,0.010828310031539105,-0.0148287079722056,-0.0011056970619381487,0.006341002313202504,0.014535214603161567,0.006120565399472989,-0.0087049761071537,-0.0021704742972765197,0.011575820390480076,0.009445092994533937,-0.010850132238739457,-0.01057179754479606
2010-07-09,-0.02466190052530944,-0.0235914791869849,-0.018599007291606098,0.001167566665477883,0.007173698112489629,0.042589461854342106,0.00720784779731848,-0.005900568969320969,0.01690041546122921,0.0019610867094473124,-0.007148310385153157,0.004131354985691204,-0.002285052273952633,-0.006794693070615396,0.0008357247097700651,-0.01968074129603105,-0.016822510096667864,-0.007046177171601421,0.008258982500013742,-0.016519649667492683,-0.016782037509506634,0.013747524901642598,0.023502223515511445,7.246953748311392e-05
2010-07-16,0.006764621409255621,-0.00397672596762033,-0.010394561582690911,-0.004827457817745245,0.0038682926096007663,-0.02292222504149643,0.0011764156346355335,-0.011144934271132174,0.007737423702747023,0.009276989414155579,0.018181654014269025,-0.010754579021136862,-0.014171013701227433,-0.01522627767114219,-0.005668647909791667,-0.008496430448451511,0.006874515852725059,0.006115956345908396,0.029027672185057807,-0.019499256133352433,-0.0033478395679292904,-0.00709698440754677,-0.009295025965078689,-0.008967100652757267
2010-07-23,-0.051946641227761686,-0.023314920393659268,0.01701783522515336,-0.006850086139647512,0.029149742648128068,0.04666291117042158,0.007571045455928754,0.0067601040767056916,-0.03792607371317058,-0.01622419460855763,-0.021647031271912132,-0.0014845244086668982,-0.00977626491751785,-0.006895495085334889,-0.011448699778045003,-0.002865362618870013,-0.02192655437704149,-0.014533622855535257,-0.019157701536532724,-0.0065537813720265405,0.037083374530506086,-0.003736560329309911,0.0030905239834893576,0.01309003709178777
2010-07-30,0.0012203767683709532,0.008386233610624941,0.0024136687347253386,-0.0008975658356067313,-0.008592020022469624,-0.013208564057733758,-0.019703788869689712,-0.010790222998382518,0.014249301412918247,-0.00910547678753974,0.004320271867319996,-0.013235188130642749,0.0049082542246280635,-0.0050385695644967745,0.01968667005301023,0.008733769988418646,-0.013767944932953908,0.016520813609635598,-0.008429704809141549,-0.007836295503268852,-0.0006728962422884966,-0.00026037077630406465,0.010732929926990367,-0.01687593862743966
2010-08-06,-0.021933502371779295,-0.02829560764084825,-0.009463458015072094,0.010748632066063768,0.023101809840782812,0.04243485272215329,0.036799572851745274,-0.005781533868396507,-0.006004555319638127,-0.029924116312533625,-0.0202700875858957,-0.0013691667845265694,-0.019407404924398595,-0.014719556071706177,-0.0025957175966745284,-0.024139256992000195,0.007367849947647187,-0.02780297663261568,0.03300444733464876,-0.007567304531278694,0.00914378258358404,-0.024670448505161133,0.02558547996754716,0.028745215987333015
2010-08-13,-0.03302251079000568,-0.08264474028243195,-0.0015255169979487546,-0.024758502917722667,0.05629589084946828,0.06880134345428882,0.037711568007629,-0.018110687739365073,-0.030509415290357576,-0.03607833339573569,-0.008823910452605794,0.028135666887802342,-0.035753623082437465,-0.008657843015018499,0.01717181287509922,-0.055008758509273406,-0.004409040668090195,-0.04047455291808457,-0.003045336990787061,-0.037326938354644484,0.016416374281670358,-0.022774517000028773,0.023895203475940062,0.033804162464481174
2010-08-20,-0.02748241902365267,-0.04090737317665098,0.002880572536103023,-0.010551942422896565,0.01855558560010254,0.036948387385284116,-0.0007720556211434151,0.01241021824244599,-0.011356124436046524,-0.02642778776701367,-0.002593416056180702,-0.01445922928821054,-0.03377047885869854,-0.00422250188391887,0.0030071831724501788,-0.01934032437631599,-0.00813338920777145,-0.018555489532791,0.011556921317121435,-0.003438657821765667,0.009178746473207076,-0.03666927143255991,0.024913166516222076,0.039258165095962784
2010-08-27,-0.06472495927331232,-0.10203180409129405,-0.0071723148829262555,0.001740733813700785,0.09675228042290808,0.0962762197733363,0.03648004724854355,0.045722565052204386,-0.0325192303477669,-0.08924919449984704,-0.05262061864991698,0.03842773801353086,-0.03273178494200056,-0.0029335030982311737,-0.012452155733183836,-0.022148500651854124,-0.026301820713720475,-0.08992169967045069,-0.00507021033263703,0.006597961817742941,0.023779781415238534,-0.06423841763560918,-0.007886675404982616,0.07550449230937076
2010-09-03,0.05920953183183746,0.05952636158026671,0.028184877145037448,-0.008548724288320025,-0.07634782439353317,-0.10361108604670313,-0.00845383017950763,-0.041228041232017135,0.02234753228718568,0.06579835173380322,0.07799567761439512,-0.0282904224758777,0.01765943779106364,0.0006016657926284068,0.009527950947267787,0.036612898311412984,0.03258143607880638,0.08394438611334887,0.011431530592185619,-0.016340476273834677,-0.034727517583760074,0.05184640634331647,0.009714928358609924,-0.061239807994329244
2010-09-10,0.010912801981024265,0.015572260289151901,-0.010736965468226707,-0.01044882612620132,-0.04093439868856,-0.017433844884091727,0.011595612689725353,0.008397257216982472,-0.011357062347317396,0.0273786151457798,0.030907578265818157,-0.013116795802330147,0.00943579277285132,-0.02242140838141761,0.00515375157902948,-0.0025435629956444723,0.006053198245939336,0.0015215316920711985,0.007675046481555456,0.013694799268621837,-0.019544711519650794,-0.002011564292007814,-0.03048740024200767,-0.02158604302371286
2010-09-17,-0.035151173523802585,-0.03628814112511526,-0.0037134715487720984,-0.0025972915390635905,0.018015961449242116,0.030305672341601485,0.013309288507287596,0.028076611800795966,-0.012760348510977687,-0.016734934843003164,-0.04135018500051111,0.01357307442590674,-0.011729956010157227,0.0005396190576853312,-0.00696349052889894,-0.011679225704177131,-0.0029985956551633972,-0.02390907451388015,-0.03984057458461079,0.02430098022158179,-0.019675155047747098,-0.03123396072066639,0.003489359455222517,0.02306796506917802
2010-09-24,0.002561818730765674,0.034244441480930886,0.012624143031649382,-0.01314483628940847,-0.007450713714906281,-0.03595356086798718,-0.04333251334662123,-0.009193390613874187,-0.0008721976342816341,0.03801416728079843,0.018651149699648442,-0.028231088360753685,0.0041125657559939075,0.0014145630843500918,0.007638796613207037,0.011063662655852655,0.019770615419994343,0.02472407488176343,-0.015942372260476463,0.007129151235588268,-0.020417725476983048,-0.00790172364357371,-0.02216575885013553,-0.038481699793933025
2010-10-01,-0.009717793612938664,0.009032254742807774,-0.016880756565277558,-0.009539762611606988,-0.028856759416228485,-0.03286496739307137,0.021044555809738474,-0.010292874032317148,0.009795653280767787,-0.006237224033256014,0.007241039850150096,-0.004940956991360497,-0.0044804837374465036,0.008814911454106716,-0.008879888065969774,0.00032575287961976625,-0.002275692833698045,0.02010459319284985,-0.005377364270324966,-0.006987464868028183,-0.01257605217686877,0.0041958312664261855,0.008179179130467453,-0.013254398853952062
2010-10-08,-0.009885504748278144,-0.02328953476953908,0.008957407494948208,-0.006273398376912464,0.005595228820646631,0.016038563327290537,0.030906014757880986,-0.014167663919637452,0.004526832864724118,-0.03403059243794999,-0.0024422791528972013,0.02236561226385571,0.0018914857877593326,-0.0018886173342289622,-0.004522577836110046,-0.009636727326970683,-0.0037033376878812746,-0.020181688661256303,-0.0030136251329470065,-0.0026121217458943352,-0.004383310612698805,-0.013637699661666869,-0.008348046544390716,0.014742926601246582
2010-10-15,0.028030167802003975,0.06193801476830775,0.010345216255531925,0.014595197143585096,-0.017399175676560484,-0.0361829635668302,-0.03919754503761243,-0.005538638702973889,0.03948095498295169,0.02659617937227496,8.858360137196063e-05,-0.0024376568508886103,0.012393957768255024,-0.0002680269179826354,0.0009261890490545217,0.03432285379081658,-0.014274515131739728,0.04186527699075449,0.004015315577366495,0.00668296961202694,0.010137183644954383,0.013376294756972315,-0.032351131553552924,-0.0073585289770848605
2010-10-22,0.0001500289806622094,0.0015952141948445404,-0.009042008289898998,0.008200000193146175,0.007751484705847144,0.0017131978879901606,-0.011961994597256907,0.0039746191231785155,-0.001247365961159153,-0.01660891747197856,-0.02022959779823543,0.0077665050364691375,-0.03212801989332372,0.004267691394304824,-0.007951628579760077,0.017794490533255394,-0.007016743236332923,0.00629162662483939,-0.005542733220903699,0.003952879687758879,0.010011427009453323,-0.007886795511305854,0.008817257493890953,-0.010639159571636907
2010-10-29,-0.003037495817226444,-0.01002829999779955,0.008839006633893356,0.01782427644556706,-0.002497400704167662,-0.0036007603490218303,0.002204980900489961,0.006571132124137237,0.0017382874871335876,-0.00946130131819402,-0.015102991041805526,0.01138276298574222,-0.01750255803952332,0.007431989468134701,0.039563350934295936,-0.008662928758679281,0.0078051101536601815,-0.014640749822848916,-0.02018197165577505,-0.015858492133179875,-0.00980367861030003,-0.018201576705014995,0.03308843034179678,0.011753496673946475
2010-11-05,0.004183463066302736,-0.017282702106375253,0.00020380404927836538,0.007032710628104557,-0.0004117994960512872,0.010256987809252263,0.00868020828243243,-0.008715244357901808,-0.01830721530107869,-0.028021874997800747,0.0002464741689275703,0.00014858641877583945,-0.015342646746705609,-0.00655318930569353,0.006863043240221355,-0.03574180987472209,-0.008795922578350926,0.0032231549657457765,0.0066777649343993176,-0.022326651723214484,0.0016291594247701425,0.015666288502223347,0.020584552127940674,0.0009481579678951467
2010-11-12,-0.008259928094387503,-0.020939213775517433,0.006864369167081025,-0.001421231022898966,0.01007479783910803,0.008040243363553301,0.019561228416912754,-0.0012034377797877588,0.007243233739968504,0.004692463060788517,-0.008932866988889041,-0.021078991407006486,0.017491962280861355,-0.001809522893571237,-0.016109662600238824,-0.017432842137929228,0.010434276740340115,-0.007329483757584068,-0.0047549544928538745,0.010177025923659992,-0.011417427188136478,-0.008551480624302782,0.011710516162516388,0.008734097009166143
2010-11-19,0.01922095455860623,0.028974501437746956,0.004943473258200812,0.007888334676799117,-0.017356119653951053,-0.019126701615429696,-0.006954443356142001,-0.0036737456373041088,0.015473463477676606,0.02093050549963294,0.010710998960646641,-0.015404850304081112,0.006971204985349724,0.0012864289508866741,0.0034108473069430494,0.03473442250999127,-0.003672571428721409,0.020360957453527725,0.013570518113707191,0.002734397109119225,0.020459565368128117,0.003984889258902005,-0.00024669946650389754,-0.023504411928346423
2010-11-26,-0.005549856144222601,-0.01272980210854723,0.0123996725212253,-0.0011463232009609934,0.016088065245558128,0.004399642875622312,0.008335360742923167,0.027983392798910153,0.0027780385102821534,-0.014203527698088804,-0.005446148865369957,-0.011474127151491615,0.010901512044956303,-0.011020414674821701,0.008068435285416195,-0.011847121487932048,0.010919623563493921,-0.013009554667992548,-0.010796107279181696,-0.006445232417413495,0.0074570541894868675,0.007005292072268731,0.0025603614864852763,0.01133657576091773
2010-12-03,0.0001621176084502414,-0.0037255953159457886,-0.007805664703931994,0.013621963256336824,-0.0024783059984567505,-0.0038560637024995714,0.017439832737877272,0.025867622817034308,-0.017200687658751518,-0.002008018383853895,0.0023419566752288746,-0.014630486512222173,-0.008512496601126808,-0.0070668351503401445,-0.009151404936640795,0.0024294330448468952,0.004109305507474103,0.015322571703434228,0.008150644406262153,0.0019576507916719294,-0.01004957850499804,0.03402718605938031,0.008359688029487403,-0.03060753053050138
2010-12-10,-0.006894056801397313,-0.014666967503921918,0.0013364576475106038,-0.0009435198705164412,-0.011159971642588152,0.016631054048835605,0.004027555444185121,0.006012455967731709,-0.00884491494365459,-0.006693880564183604,0.004596744213602579,-0.00016870848579842454,-0.019876275243470676,-0.0018916925716694454,0.0009569423630393711,5.0759876829271564e-05,-0.008617378643863244,-0.0006268548052472773,-0.0017123743377039187,0.0011996962902449636,0.0042894701699660925,0.016481173977793074,-0.004481862457199663,-0.010762073060815405
2010-12-17,-0.01480542694681974,0.006090546645698423,-0.013765009171605145,0.015373879020329335,0.03414035662356228,0.038923536975361814,0.012286000693420897,0.008595580040375932,-0.006722014098744696,-0.01369316124645271,-0.023885579357426138,0.002194292659774307,-0.027665824453512095,0.010800972013303175,-0.023323320776658885,0.007751679839049044,-0.017980258965301733,-0.033861422458088986,-0.002413824013553385,0.01626931384838789,0.019402557393235365,0.006098858745062653,-0.012622813018593285,0.023478851299773177
2010-12-24,0.008358365808703477,0.03177189448883447,0.019818865200646085,-0.0015782886040309457,-0.03479778662193733,-0.03702750539973082,-0.029409042296534897,-0.014181212440628973,0.008042492357658575,0.043086352688169974,0.0015360049678864382,-0.024901155777602227,0.020827147691293603,0.017028318996804456,-0.01442548782182097,0.007733646963439544,-0.00789935472940997,0.02561336245397081,0.012319386750617261,0.001855703760029177,-0.01252425842118757,0.016695166289951588,-0.050786376713445505,-0.012309568105763436
2010-12-31,0.01170876360210632,0.04444230117775187,0.0070173089696220076,0.018748370239023867,-0.021031930729194133,-0.06867402972198026,-0.029843774719635188,-0.008635532503501984,0.010271915324404034,0.03514794188357298,0.02787693301750495,-0.003541766893894323,0.009347955543703584,-0.016545368269332884,-0.00583716026416274,0.02497872034496403,-0.008889832315304793,0.037928905037502306,0.01153965167208285,0.007947506787192509,-0.0513982860009071,-0.00015780720413460098,0.010092945064604397,-0.03441489093395822
2011-01-07,-0.037552040221476866,-0.0017816151945888974,-0.0028673203002894873,0.011886451989380207,0.018149549958502716,0.02556618767457142,0.011174927718131035,0.01561323336878949,0.02110227336381746,-0.0025101367727449145,-0.030096542634842488,0.01137025998662474,0.007274801141781996,0.013723408213782836,-0.007248007311959245,0.006963354969487766,0.008065821600487053,0.0152230848123233,-0.010103609804805673,-0.006357191629088927,0.004271990432800028,-0.015290890007805733,-0.008173123050046305,-0.019003579794104653
2011-01-14,-0.009543012611241495,-0.012418127962076097,-0.004781499673450379,0.018803015383253824,0.004451113519463799,0.02477092349656096,0.014890262566363412,0.007941264638544464,0.00027870758101353806,0.008508577708797177,0.0004317378264316815,0.007232526757929661,0.002608611479455677,-0.009102765079462108,0.009747405612299944,0.016031633918752605,-0.002201168934769586,-0.0009904975952931099,0.0165728909402565,0.006092815477418051,0.0022101698098227263,-0.02832797066740452,0.016901146890161707,-0.020666767763174422
2011-01-21,-0.003309690292841224,-0.026301151736583064,0.007924432307598333,-0.013955580511158526,0.003872788026977072,0.03448428723342558,0.012489713319074102,0.004036518406101328,-0.008765522702460584,0.010720898853962733,-0.006106932226951288,0.021596707035034177,0.0003970713472148269,0.01526315659682608,-0.004080550766957226,-0.03758166327984016,-0.006416002977376472,-0.014397295782820556,-0.0128447904042626,-0.004477492167259768,0.003698505840367152,0.004523605311658378,0.015392968214570639,0.02977997263006945
2011-01-28,-0.013568710388165428,-0.030404597700299917,-0.0014436888260580837,-0.017884589610150402,-0.0036987773448744037,0.033660740417018456,0.018082402289010875,0.023928522428868525,0.008892689418073594,-0.004184169479155907,-0.027732405007383255,0.0047295088472739414,-0.003972220971147562,0.027176136563430105,0.0166796158862466,-0.0006585438574269482,-0.008560021694463373,-0.034970712477109166,0.00849345038781379,-0.016556902485345887,0.0091274127699394,-0.014507078775983711,0.026831288468536503,0.017985187226051653
2011-02-04,-0.02278267386297914,0.019593644046922303,-0.007984079066423176,0.003116404877193272,-0.007855436490040479,-0.01420993704298503,0.0015529696820647393,-0.019726766513740827,-0.0027189264346854456,0.01659108936153422,-0.0037145047160602788,-0.021842643010518463,0.010940043197708593,0.01647030418074093,-0.002260835842667098,-0.016013232952827344,0.008934262664127158,-0.01199257922367495,0.003330549914946751,-0.006841497364301698,-0.017457572215873872,-0.0024474720515158294,-0.008244545604960508,-0.015152405240184665
2011-02-11,0.02148155358031949,0.021623266608672476,0.013219838644958671,0.00809436583812899,-0.02361459321580384,-0.03387514594092857,-0.03482199563509635,-0.0006108560663952568,0.0031916632658276984,-0.010765529135125886,0.0025657111085884273,-0.01661367734559361,0.02545342050504671,-0.01523309230138857,-0.019632596349827443,0.02772812213032732,0.01784685240031371,0.008378227706894888,-0.007929412267098986,0.013847615356525782,-0.0359056079229109,-0.015123761690714003,-0.014148190582864302,0.0025119100491907756
2011-02-18,-0.002754349444706883,-0.0037977567677847353,0.015589214078179063,0.02278431964724246,-0.009851327169895407,-0.0017762900980942819,0.027248057585732077,-0.022499704841202936,0.01268707872749691,-0.012049601428770658,0.005481425844563553,-0.0044156454724824734,-0.01017803132697488,-0.015399720878257805,0.0075252032861488185,0.007310382789509785,0.00037818505109106894,0.0029032649322032144,0.00831014878385413,-0.016776587593757324,0.00714840160917082,0.01375232952223121,0.03761315571810379,-0.00601994862308126
2011-02-25,-0.033692202401445784,-0.016515098124122128,0.0021202435304077697,-0.006380222826054383,0.02585094384146683,0.045536473330353516,-0.0028216438957556827,0.012983441149530945,-0.010904343410216226,-0.01462854472794769,-0.03243469141033447,-0.009337966814575483,-0.03634541429045441,-0.012685306336617557,-0.024106533588792525,-0.010110054212794841,-0.0219984972345358,-0.03975008272310188,-0.012861910256760142,-0.00046055146023104686,0.03248112590367801,-0.013676546651160235,-0.0017618607164154644,0.022413008104320557
2011-03-04,-0.015498046522625597,-0.0009308228481273995,0.0033775946183358606,-0.009318333191632505,0.011795255707297971,-0.01127452913326597,0.001385415149006439,0.01735033231631592,-0.007302504528717538,0.013439795005315927,-0.021047933746965057,0.007513701389524248,-0.005396778096894859,0.001800211964202168,-0.0065922354867802195,0.0016180541996178186,0.006566383849771671,0.005521998918028865,-0.002045710279825651,0.014478089508752566,-0.0021847347178357308,3.0617679457171226e-05,-0.01372938655479776,0.022705167649898286
2011-03-11,0.016621510488132665,-0.014351613180442674,-0.028328010868682904,-0.007881289112457342,0.025440120052634414,0.021333440096314906,0.00866037366945945,0.016989564653942756,0.0012370461805023764,0.0041309657672781025,0.0032658973659533243,0.02254456910020474,-0.0003059266748191101,0.00992431900572953,-0.004781461048919581,-0.012951447330414643,0.018428846964160035,-0.008771429895489185,0.009007213164703145,0.0006991277778810215,-0.0013448027271968513,-0.0063948826222211645,0.01982131442448904,0.01698122111473158
2011-03-18,0.0013772601083458617,0.01740609153059622,0.027382942980432867,-0.0026040420091222862,-0.04545954750710929,-0.007624779412319073,0.00267915687017576,-0.01476791424817013,0.004852224976058158,0.03364171998692486,0.013072677634355477,0.003851962623794652,0.016880205336437405,0.0010401038631857988,0.008244529068032278,0.004301924585128947,0.01856078328897312,0.013955410094141538,-0.016682963988695648,0.0036098944174610876,-0.005336947513769322,0.022572603298665797,0.006429369152643163,-0.025564629181321713
2011-03-25,0.012999656376531535,0.008468967461251767,-0.005913349325554302,-0.001765779070915058,0.020571265558414664,-0.027206874036326184,0.00032954259838048096,-0.020289625263391998,0.0007617965043155337,-0.00013897317673599013,-0.02347254043424197,0.00336525200487193,-0.0029967902389043902,-0.02280320107598252,0.008364576862611063,0.022518317356450303,0.017856701845853636,0.008795790675335879,9.481185546814097e-05,0.019059462794862064,0.01831183029218919,0.014717679468221926,-0.01597661022470822,-0.001853689061602869
2011-04-01,0.014701399997396902,-0.003655681457737328,0.006509808059928021,0.030506721171726436,-0.0022749620234771744,0.002217980992404143,-0.007994806613965686,-0.0034054242646460358,0.009484792440293498,0.001909522783037014,-0.005802116600764118,0.01142443910013579,0.020739515211747737,-0.008296870635089609,0.009887252381535035,0.008688046308695413,0.005028832894394368,0.01688640411564195,0.011640945914925998,0.0054834705486344355,0.011719254953460208,0.008310886281187252,8.324157300541087e-05,-0.020572827913010162
2011-04-08,0.016515626821506542,-0.006004635373717619,0.006541375234518768,-0.020338680678956427,0.0002465208743813868,0.02863743939631832,0.008348084073747836,-0.018126371010731546,0.008176894952914723,-0.016289446521105838,0.009414446224445507,0.003036249551452268,-0.0019254327212585476,0.013523721704813087,-0.01208129388468428,-0.01692765160838772,-0.0044016459683535744,-0.0007917300551221317,-0.016677483380366502,-0.020392761586050294,0.015301581165032009,-0.013579939030564056,-0.002739078250825892,-0.01257704959258812
2011-04-15,-0.015353495901880319,-0.013978051869645776,0.010508787461253053,-0.011752810358829706,0.02749436578914682,0.0036257476948705052,-0.00033972458475206926,0.020349208586255395,-0.0012230690945379805,-0.015591587751782144,-0.006243354328694314,0.019115046500427578,0.014331237650836635,-0.012589244391156398,0.0008519394237405127,-0.006417851440777778,-0.012547503541789037,-0.009362053893376484,0.00029957620104550345,0.01019618479961134,0.018462716766194508,-0.007441820002212409,0.0031650610010782797,0.016064387957342115
2011-04-22,-0.02831949870062425,-0.019166815655509987,-0.005657429479931396,-0.013931084695931885,0.01147855950252998,0.04858495468033116,0.009101597219995771,0.030727543269261297,-0.01586137690384501,-0.018601508149903377,0.011599273999588659,-0.0034003575470007413,-0.03271775333680353,0.014108319765063755,-0.012982870186383747,-0.011488415635789246,-0.011698257657767972,-0.021078246673195338,-0.013038531394104644,-0.0028964593973422738,0.01769275228316612,-0.026541703833625446,-0.004091366157872167,0.017822893194531453
2011-04-29,0.00036772287539301243,0.007686740572118668,0.006795419730217338,-0.0059295100982466546,-0.022423892016064286,-0.02366660778159387,-0.009613065008642521,-0.0040157480656111706,0.02436359031351023,0.009975738633646761,0.02237088721312424,-0.0109784667990876,0.01274120049167247,0.015773902596663253,0.012835427119257923,-0.018537719732554955,0.010809485672209348,0.03394166515700086,6.829368651587158e-05,0.006862635158341077,-0.018719523447334952,-0.003497526635746949,0.005665314339103393,-0.038015352298965494
2011-05-06,-0.0002492384799261684,0.007715363258090284,-0.02037739840687955,-0.018833450927321777,-0.015573475663884742,-0.00181848302737751,0.003318254194734309,0.011412182577367716,0.011600177278843578,0.005407941700620352,0.006939449849092553,0.002994182450098539,-0.00889523157887977,0.005338005161809624,-0.007724159886595352,0.003325543747949828,0.01670491788279246,0.004492956533302938,-0.00018977770141995047,-0.002185374648790564,-0.036262839688528045,0.008460515328522655,0.007457230929185225,-0.0018945765367260317
2011-05-13,-0.00023498219514703038,-0.012177603451569702,-0.01546685507149413,-0.0028254579629823817,0.010186765871965727,0.014292210541571872,0.006888219832367292,0.016789677273876605,-0.017052546309062132,-0.0070949909760266525,0.008631894837617197,-0.017044154490274584,-0.0019015511785842958,-0.007824857318939287,-0.00543858284712437,-0.015860953057402753,-0.0038492769456842917,0.012102904929983034,-0.01575466270523169,-0.014691233435345617,-0.010613345602877265,0.014973040768133975,-0.003316995898529316,0.008761137281576452
2011-05-20,-0.009746433359362733,-0.03707672832299705,-0.0003418053957406509,0.02220949193656893,0.021362485274993483,0.001985185034829062,0.026579898953088668,-0.014641961979361347,-0.025437194492597886,0.0012778187767338665,0.015506024598379013,0.013656361522581501,-0.007534492573199377,-0.011491749227032739,0.017707788397417698,-0.012418906771487024,-0.002396034101983337,-0.026893676059455952,0.004085523383559537,6.090874713384625e-05,-0.012266618478190678,0.009814258050259504,0.02176578451251346,0.0166374979108995
2011-05-27,-0.020050317079383845,-0.05084744036221015,-0.02511094302067731,-0.01138788685219245,0.043406709869393614,0.039484088613587945,0.011477446885933256,-0.007839629146034489,0.0066654307854984995,-0.023217133522574346,-0.01389446219784764,0.0246604804566709,-0.007227290418468913,-0.00713843263875569,-0.003992861216221914,-0.024872238990428643,0.025782351429154977,-0.02860568687759779,-0.0071288098928785,0.0013449981422325964,0.005302140492306153,-0.0012654202590303247,0.0024473901589212536,0.03816348143112583
2011-06-03,0.008935396026151577,-0.011478078039396333,0.002340798469408453,-0.004180805657861193,0.0031120060092260085,0.001623964632241977,0.005971597466912701,0.015600019466987684,-0.004143660577646937,-0.01680613617999704,-0.006106642184421329,0.014287704174176907,0.006535923919317906,0.0011920279748726696,0.0017808437353575741,-0.0035227163950295867,-0.006606486705349251,-0.008586324409120945,0.013125586195997324,0.0030309831950485104,-0.009978304081229492,-0.009723674131827386,0.011759968532851682,0.026172008187376514
2011-06-10,-0.014899040903062889,0.010312065257847558,-0.01422707795054044,-0.007765153414153037,-0.013189564593724917,-0.01614044371333658,-0.008104192935532552,-0.005201850857844121,-0.0030262086719042387,-0.010047754846724011,0.016696924420883136,0.005349486523585037,0.01395476173007241,-0.01937739093051292,0.006178867938197663,0.010175609986964474,-0.010085282823471781,0.009054373754896098,-0.00030553688311095407,0.02045543975887323,0.018313781899254585,-0.013655935083696665,0.030839511564020813,-0.01894513330903222
2011-06-17,0.009116191260685674,0.004340600209505246,-0.011794920769314765,0.00424662384660866,0.0014375091485485723,0.011568755778311152,0.007473604472192252,0.01425203765274565,-0.0006891040662366031,-0.005967595813031612,0.012156735653502237,0.007908202935791028,0.007625162593240753,-0.010024391407692523,-0.01099281624290468,-0.011191291244370122,-0.007332745151976133,0.006027578053967262,0.012143517250247829,-0.004561811905784065,0.01855185558756203,0.015747520787188662,0.006901902779549236,-0.006598758420042482
2011-06-24,0.023739858061289636,0.019940806184241405,-8.805535486745516e-05,0.0014981968153791915,-0.0154128117946352,-0.028462441708070146,-0.007062633571337215,-0.006518616463370845,0.04032391695334108,-0.003637350046192818,-0.015338216721078391,0.004789341534791921,0.020312102961126226,0.007940642870109696,0.0005241035814472286,-0.008715903228180288,-0.00961475306946213,-0.00597709515220392,-0.024683501239890417,0.011075541892056702,-0.029158409413327122,-0.016683581100336565,-0.01997543952981667,-0.01688354439763075
2011-07-01,0.02654433715076879,0.04272067969319392,0.013236368698580185,0.015573994816195924,-0.009402746302024903,-0.03507576379184309,-0.01768942049752899,-0.0006846428258407795,0.012789643878536094,0.021473810114239565,0.010084343046112436,-0.018668078865762647,0.014985386562205352,0.005931649394676491,-0.010669688785490204,0.012563982500809857,-0.01186252644622025,0.03775564126560123,0.0006922628025943292,-0.0017083117803370282,-0.002421252430479368,0.004648148304306514,-0.03170716235755403,-0.011833074417694642
2011-07-08,-0.004419623219577142,-0.0002066375891681231,0.0005352501713729048,0.014686641147766464,-0.0018717155571374544,-0.017920713652508493,0.0036595366933103056,-0.0060625781861219944,0.02378837302760546,0.0027442351412167326,-0.02581247026670502,0.0035213450483551623,0.024236369951445548,0.020066086070182818,0.021207985333068217,-0.009541542970001747,0.011008465921758283,-0.00614486797492828,0.0025000229363293072,-0.013781093686145326,-0.008820856584369817,-0.007355211726008285,0.008492082215703875,0.007230076702827888
2011-07-15,-0.02369967908110667,-0.06376498742011522,-0.00701114984953669,-0.01677059969261078,0.03910463494172828,0.057388634341914546,0.038408205092992274,-0.0002800402237693733,-0.04654452540726027,-0.05348688054585063,-0.0006411597898558392,0.006216368901753425,-0.02133693253449096,0.011364509048427998,0.018126137193358045,-0.024499011888442026,-0.00697406396788308,-0.03376041442836275,0.002899765775545736,0.009043974414191911,0.020138538060497327,-0.005637247204567604,0.0316759998385696,0.015724355633703186
2011-07-22,0.01869052001229965,0.005378709620951789,-0.0275809959694489,-0.025511065850305877,-0.022697620379282225,-0.006993708749101327,-0.00116166241634235,-0.0038623912285923132,0.02751519915658556,-0.006113296691558122,0.008239245698263165,-0.0007032500635423366,-0.004278281952447778,-0.0004338349177461051,-0.016404334295207133,0.019826806439600216,-0.005558563085889476,0.03508672194995652,0.0008121534738904351,0.010765098279932751,-0.00630995357467289,0.006983790983714013,-0.006441986243136463,-0.008132830503775031
2011-07-29,0.005181722001922405,-0.005682184821427582,-0.0015735094512987669,-0.006471254872595113,0.026189993666570557,-0.0036004376663015,0.01614700745513586,-0.0023061169945244376,0.003929124522520632,-0.013830431326464698,-0.004842525471194459,0.002038771389748954,0.01962837529915654,0.0037036484938430363,0.01582218001194716,0.009919138102751223,0.01947427571566853,0.0010428677669483835,0.028465589238911525,-0.004455675694094048,-0.009909917070381028,-0.014164168870652166,0.02595047494333455,0.00815676690783395
2011-08-05,-0.00892913905665931,0.0017594872280230992,0.008478565150400883,0.020601771841386,-0.013502751394095625,0.005854608371038996,0.002911586630953136,-0.02375858988884128,0.009797962306471744,-0.010482058663924744,0.006936767068117211,0.030084609503726913,-0.006391148383684132,-0.008704676665483985,0.004145219561412899,0.003962776554475366,-0.006639287060375571,-0.013861148316304812,0.013436248581441101,-0.00025657025868280284,-0.02196303917488909,-0.01604543469892554,0.025124253946896952,0.010836144947602863
2011-08-12,-0.006498433379429495,-0.009267728401254744,0.0026166736563504782,0.005516012966990374,-0.01949414864093854,-0.011301382513000198,0.01057581535529382,-0.006410231458560333,0.007065227758200875,-0.015126133746719993,0.009358730805950077,0.01139104164086565,0.00728998691297713,-0.003054362901286623,0.004243376844553792,-0.016353103405512815,0.0015287088968282737,0.0171470390074603,0.00042260145598612374,-0.01735645274708205,-0.007825257542371703,0.007123688268225823,0.0039224542629267695,0.004453662442561231
2011-08-19,0.01770663631292279,0.025214962550614867,0.0194695056195363,0.013344150855561595,-0.023521146671093993,-0.027720533886703248,-0.007188205306152434,-0.011171416813801384,-0.008409486782193774,0.006699753653045697,0.003361096823066602,-0.013023581322143974,0.001539102524267844,0.015073294401896864,0.0038110615114344774,0.03603940737289814,0.004470870915362928,0.009605642042822618,0.0008523945249346234,0.003774848195835692,-0.001359645213385401,0.032543285929411456,-0.012855058523719117,-0.0015573335027028075
2011-08-26,-0.03457553232341668,-0.07163597515297462,0.002519440270696162,0.0087646940868031,0.029446228129458685,0.056049035077704326,0.004295715006140514,0.001505410483523038,-0.004984662478191923,-0.04617644057421919,-0.04108855099875726,0.018544028796468135,-0.023432766034618958,-0.01129006088694903,0.006952281919846233,-0.03876124647532441,-0.01775567377800225,-0.04111258436717546,0.009912631474476302,0.008971844837991565,0.01315415198728707,-0.011904476143535162,0.004169659173386095,0.06111892705047714
2011-09-02,-0.03567432202839162,-0.015411740198921588,-0.011896774034947537,0.0203452468684186,0.030753148594334836,0.021222751970643085,0.008558229006860032,0.01928980089092879,0.002183442907804216,-0.024986717961386594,-0.0160248998873055,0.018505003935314256,-0.008638481527638148,-0.018846794740808755,-0.010932605330848723,-0.011903109044973501,0.010470691145920835,-0.006179005940828878,0.008318973486407462,-1.0855723110001717e-05,0.021571250682989908,-0.021805162266319355,0.00618509996995368,0.013441847148881707
2011-09-09,-0.026157298521501424,-0.011287284400109537,8.678218258291893e-05,0.006521163183524822,0.018548677063842993,0.01967943552121416,0.013702920033429567,0.0047209392032835085,-0.00027897488778991664,-0.020760202385575792,-0.004111089160423268,0.01281288583666948,-0.013221819973195353,-0.0007894059481110938,-0.008357689244685674,-0.013342556696776779,-0.015683141282892256,0.002299213253438811,0.012172466059616404,0.005074740999718574,0.030059364103211653,-0.009421430123388842,0.03994628545920114,0.00900526545106725
2011-09-16,0.0005402794720701471,-0.0016223327257107799,0.002797485781405463,0.011902936406182141,0.0015551003697284308,0.023423234151952212,-0.0010018602102781458,0.006844934118657592,-0.011457874982959712,0.004267043060660744,-0.005392829676090229,-0.005868819520013159,-0.010621686813900057,0.03482157917823294,-0.006516381279370385,-0.014199942222547942,-0.010013060071138022,-0.0029050029050529834,0.005383136581271942,0.010611090441868901,0.009807907457064873,-0.011190050752171773,-0.0007403107089717061,-0.008722692415067282
2011-09-23,-0.017920536749157376,-0.017903400692189594,-0.017609727179830215,0.013706230375766371,0.019762514090986755,0.025555246095288253,0.0008988177062304297,0.016963837344488468,-0.025333686745119967,0.0012708797764902722,-0.007991432834415908,0.0124157706965604,-0.00045690798978563225,-0.009691215903758169,-0.022363465835847494,-0.009636291346208848,0.003440141132681149,-0.0031113085477258422,-0.01816551459439986,-0.008246801725833641,-0.002402074944174535,-0.01307377552483999,-0.019358800150006638,-0.007021716782671975
2011-09-30,-0.02030565179868474,-0.024013105756813903,-0.014232535001336916,-0.006699156545671632,0.02356645612632216,0.002793475210898887,0.012977798156580345,0.0132502495758385,-0.010940296532010261,-0.02134478775562196,0.008993740851987845,0.00023742054040511423,0.008623849657621595,-0.0011875264343469529,0.00021166688624513208,-0.008742621079089042,0.0036632100027374167,-0.0008145500251848462,-0.0054650332554474716,-0.007736144539799698,0.004838085719541875,0.004759170993354088,0.0002024312403361029,0.02457343598472822
2011-10-07,-0.003146813372779761,-0.025664465895047187,0.012446708021261674,0.026176801444316646,0.021477017867361385,0.029709068189245624,0.0047820327489264056,-0.0150726886727397,-0.0260237659039312,-0.005739941715277379,-0.01438346172789463,-0.007114139852622132,-0.0048533925171423764,0.007263493326741657,-0.019123236163314086,-0.009332041240022473,0.01604577555788217,-0.022791704302439552,0.009624636324416123,-0.005533951577315931,0.011630441736213557,0.0069870174574510335,0.009891463242710698,0.019819704763548624
2011-10-14,-0.023740072298754286,0.0021273409769448724,-0.012553032444483102,0.0023810907064965377,0.013826638340285993,0.02011452668143779,0.008345680824050678,-0.004621627576714075,-0.020621961822896002,0.0004674603481410432,-0.006017729230134243,0.018171141861867426,-0.005188874914806725,-0.01702372891057318,0.009697770813413619,-0.008955790102065861,0.0017600508544716033,-0.0189946864661441,0.018816902671878848,-0.010227730071837821,0.0017147540760292113,-0.005711601381064358,-0.011936411453937897,0.014082745978005115
2011-10-21,0.0006824615263096717,-0.014568359758685171,-0.0018629207501095982,-0.030098628078173737,0.02011485011097145,0.019954306174571126,-0.012021949011936092,0.027890039268998034,-0.011044178808365671,-0.017235402125829243,-0.023538093275097774,-0.014109004974388465,-0.02258558158292745,0.017035855103395874,-0.03483974429715871,-0.008497298996641532,-0.011358131725496386,0.000985968717909489,0.005545338831452128,0.0019028431856252335,0.026958377899005695,-0.02552010371964535,0.003690643493987889,0.0011014070648884024
2011-10-28,0.010567052385911711,0.009950702277501727,-0.016020045829223527,0.003210442059812764,0.006394290098207418,-0.0070510353483360065,-0.006766940413615756,0.0006742459388930028,0.008082017346110613,0.00816573168324206,-0.0075538060110508475,-0.003355884756408784,0.0003819321654269837,0.014699707920888531,0.0159587494050431,0.02308645351232423,0.008150220816842298,0.03609363393739946,0.0032364256498534517,0.017147930400719345,0.010439705511824993,-0.018593796978745802,-0.019928913514721057,-0.005986204670141079
2011-11-04,0.025999689570914728,0.008840236598035425,0.007669977961420403,0.01106234369197637,-0.009668080710113538,-0.025726343783297606,-0.007914730926230743,-4.733195622904848e-05,0.01648505973081984,-0.0037907129278097456,0.014125716788585277,-0.006571472525000573,0.018089766935132603,0.006687798122842895,0.011535842268485157,0.008146582305709473,0.006755886522349331,0.011620825457859472,7.265867822836341e-05,-0.006580827914383898,-0.011367577664250244,-0.007059655313248281,0.0013657233789395725,-0.016648957330467253
2011-11-11,-0.019721553432897755,-0.018983657817395257,0.0015844453483934463,-0.01330084073587722,-0.0017814284362646857,0.018735521505988593,0.01419863010926967,0.03023096158891004,0.002335836184379955,-0.03335461169757021,-0.017076671753316643,0.010424960128638062,-0.005583695634293048,0.007366754381436979,-0.015319073215528611,-0.004816170603424652,0.0007514631555658033,-0.008350554159948944,-0.011567196063720095,-0.0020537995936690742,-0.02285699267156699,-0.019685165497517285,-0.006489862349673412,0.004108164672243219
2011-11-18,0.013352316121522888,0.0417211239368142,-0.029761383882581177,0.013558773986607472,-0.022470930861494806,-0.018067880204159042,-0.04470987889422853,0.004864970153896802,0.004493116961192234,0.023876605697793873,0.0026507980623125087,-0.006520428751949742,-0.013702477819636058,-0.0037746356981133884,-0.01895125599201681,0.02684089333972468,-0.009717062088029286,0.023149748318869887,-0.006943181987957266,0.007150231084429319,-0.008842896361785146,0.0025143235626217263,-0.02261531915145141,0.007110169108713331
2011-11-25,-0.000529581221987048,-0.014332595792875269,0.010813668473548137,-0.007258302349419642,-0.014826545343118648,-0.02380084781594474,0.008754683855114756,-0.025079038681343938,-0.019475191647077426,-0.008518927543102373,-0.00016747057327160843,0.002538814338141137,0.011172022462492954,-0.020956953009336778,0.008802543773278881,-0.03507292272095541,-0.00036747794755347726,0.01119827986321457,0.014039700087428279,-0.022946572965857323,0.007450942547587577,-0.0067906870124389025,0.0028561389553953785,0.0037261132786357166
2011-12-02,0.006702238456604935,0.0017927864545137636,-0.0055844142847394805,-0.023555868387147832,-0.009475688600293469,0.017986496189471343,-0.007593264652746932,-0.0018371675020946755,-0.004115121651788444,-0.00880621320652514,-0.002855086384273762,0.008111801144816529,0.008258047413448516,0.005004883997664463,-0.009192188697020473,0.014808515678959272,-0.016796180468816937,0.019705294017705342,0.0015440271048197457,0.01206095325273197,0.014466558477723369,0.01004437161453697,0.0017096151747538653,-0.007076800575299351
2011-12-09,-0.0012312439262409623,0.007396206394016662,-0.008689224877442125,-0.0057184015579144105,0.026894082233076308,0.010077514362090692,-0.017373478486768176,0.018319769202572514,0.018098498369213355,0.015076748308649073,-0.023444899411497192,0.010430227477779866,-0.013601589983520224,0.027880033510770542,-0.022681838914238764,0.010294690046812495,0.0019487004635707662,-0.023890098212836657,-0.007142723146496513,0.002191480862693728,0.020138001025952125,0.0016427748260232633,-0.016465667501142013,0.031812341712888395
2011-12-16,0.00234873173076168,0.019050535541508425,-0.008763012784690532,-0.0011036913066584913,-0.004185343249915735,-0.017313275382522766,-0.024071473906285137,-0.021963923474891796,-0.010803051172112922,0.01911126634535552,0.03458289265774525,0.010940159087331511,-0.01693098401189293,0.018214983242713832,0.012643213077617739,-0.011343120073678489,-0.001039838730283038,0.027485826521588357,0.0074348922568746945,-0.014748954777193136,0.0001418374069042305,-0.017399545063291236,-0.005900219194256751,0.00063970247319803
2011-12-23,0.008572161983259193,-0.010528632786935896,0.015143719085629498,0.007508967774700915,0.006235557429337433,0.0020279570535002567,0.02092648550126534,-0.000965224109177128,0.005570931815754364,0.005327263642099905,0.008029220287258443,-0.01897298011031887,-0.007264774948077428,-0.009776921103756404,0.011188091150412145,0.010761694434501139,0.0038918613896080003,0.02016872055246366,0.015922540765533125,-0.012063539622116351,0.0017639159692582921,0.006867583939255913,0.026819860358911374,0.0009358758815425647
2011-12-30,-0.020148166032999043,-0.0190502563029787,0.020986684458953974,-0.007533196824346731,0.011245956036746068,0.018652925627186127,0.001962318804948956,0.004126499298667225,-0.0207124112150882,-0.0176860980599808,0.01206633443197524,0.006111399037315706,-0.006112787008898143,-0.0014294723739429766,0.005020094327588128,-0.013097548718653122,0.00897724537839342,-0.016716680498430947,0.002199046758573126,-0.012841450079755012,-0.016154575050636857,-0.011188908500197343,0.03174581755790494,0.012461755971025269
2012-01-06,0.012101128421070802,0.001055966525855618,0.007386217340786589,0.01663093116136046,-0.03289534459025022,-0.021535204312004723,0.0021342447000615556,-0.014321530236447791,-0.004713696961804622,0.03584308320546625,0.02266032279535663,-0.0026350265798524668,0.003597730563071687,-0.0030875001387481987,0.015383890021385287,0.0019121169406814372,0.013567532329602144,0.027318239247651484,-0.0032978836776527956,0.010595346099840757,-0.004122664159179506,0.01400034342899564,0.013887040464079271,-0.03586627400411032
2012-01-13,-0.06723551199710821,-0.036115078673280704,-0.034925103879987124,0.011160138731156602,0.05467214610292782,0.07090798368769391,0.01837938654047313,0.04061120450893308,-0.032453554188103084,-0.041402627860593566,-0.04595615755702035,0.008935741999252823,-0.027132957585016035,0.021087540646503686,0.004474472306533847,-0.006997877907422241,-0.02880393760235901,-0.05301306520297705,0.00350957464695161,0.017709435126474157,0.04065129415769701,-0.036264165507303554,-0.004449338589751014,0.045263717050291905
2012-01-20,0.013216969172090226,0.024786677046071903,0.014258748472196344,0.0024682924610220517,-0.05562032851011263,-0.0390031306283267,0.025621827706973466,-0.026370556982714434,0.013390006354902144,0.034023032881765544,0.05994426980517792,-0.02922700796915779,0.019720917012789732,-0.018361133699197424,0.009903354591197778,0.0009809810105833754,0.02813844630321083,0.060441570190358784,0.011848578913259456,-0.01852569739994836,0.008256672185319967,0.025849605923725566,0.006004002598708282,-0.05539141028173365
2012-01-27,0.030765276367772067,0.0012477163552448607,0.0370110209309315,-0.024645531252343485,0.0014947830519393551,-0.01265847866949967,0.025286108226311346,-0.03715665759435917,0.021354689130283683,0.01575554623656525,0.018554659514485733,0.0001725730306605484,-0.002085257747471741,-0.0189623371602545,0.009664683487569069,-0.035215034382697935,0.01818815091503765,0.027674865959412855,-0.0029992140446361707,-0.013179028485997904,-0.012302599969358244,0.021130806925435692,0.013194751695160753,-0.02147476299823317
2012-02-03,0.02488670542578443,-0.007134052336294462,0.030776595521632564,-0.005490266097841768,-0.02502921917786486,0.002219488965030759,0.018993892685090927,-0.005497695291754059,0.017817040063101107,-0.0014996418281219776,0.014357568493320014,-0.008537825113545804,-0.009329987128094712,-0.012409107310998986,0.028065598825975674,-0.0065152267586642935,-0.009754073767413468,-0.006709423438708945,0.024291869673447285,-0.01452420483939578,-0.01564562621014364,0.011002390888634148,-0.001900366985696747,0.007209402586217948
2012-02-10,-0.006172638934384515,0.008455566864105186,0.0014130521791277703,0.01488291833758511,0.004450132356392028,0.013942943287371393,0.014471046381921895,0.00597874280148792,0.0029230088626658237,-0.006137561847205987,0.02354593783671242,-0.01057324004000378,-0.000503684267823352,-0.002784999035601985,0.007565648269302819,-0.010465292656408685,0.004522765059986983,-0.004268947041786807,-0.018126705788826067,-0.0039137887824701265,-0.012595163307364229,-0.02008554759256328,0.007190117779262464,0.008159643595459039
2012-02-17,-0.023673988353486452,-0.03082025840481718,-0.02955012262829876,-0.019803866163910014,0.05599704806428395,0.031577449532603726,0.023357505486563443,0.007059270689514964,-0.012767358561057745,-0.03892186028939337,-0.017170508995238597,0.014686525697350083,-0.01937044667776007,-0.01479528903466376,-0.0007708274993086174,-0.03088714652879536,-0.0013251610417765024,-0.0027648035474632515,0.014010980541042353,0.00714017969851923,0.016263138203766198,-0.043414296214060205,-0.009214502342867189,0.0464546575527785
2012-02-24,0.007600415843625691,0.01857479260229292,0.0006358346049787755,-0.008865361190754243,-0.03293996397798777,-0.02715187462483593,-0.02440510912952914,-0.015575001871258324,-0.0010305678611843595,0.02575135660473256,0.009269916483649408,-0.009277806972821608,0.015017213026905018,0.0021291934922896736,-0.0037212812683287116,0.019033743726889575,0.010735297053816418,0.018277689822119574,0.0013434634828279725,-0.004959235190872741,-0.01996660770036584,0.019159172033802893,-0.003175481637564893,-0.012942580304294446
2012-03-02,-0.008539432632834068,0.004255997901093006,0.0024792470709879815,0.01624134364497136,0.024370793229453878,0.011568187904828187,0.007600104821420392,0.01564401457700879,0.003922528161648644,-0.003505776810612003,-0.011766714415303605,-0.0026657067981570226,0.002484274621249634,0.04196602821511033,-0.014993713961618159,0.008114900648698263,-0.011140101038295455,-0.017707949987793403,0.014733076878799935,0.0033751538236804404,0.0018692554604829888,-0.032238721129037466,-0.02234658210094165,-0.010593302487935913
2012-03-09,-0.005343988660436282,0.021444495971359882,-0.00787116818060446,-0.020102702486339493,0.02485744916203819,0.009264821735892858,0.019141075189021785,0.0046977650304144405,-0.013107107835005547,-0.014424873142416349,-0.0023513315424948007,0.0031069550072128286,-0.01207198515065676,-0.0014365375337889045,-0.018921878154703232,0.0007215913415576196,-0.024924700179436318,-0.019719351713330054,0.007529797186649942,0.005622392491709196,0.014685898146732568,-0.010594287770004046,0.013439462005282937,0.023953089799860716
2012-03-16,-0.021677063613232815,0.006162278315979656,-0.0019306603266758867,0.0015312233700991926,0.01393438431574472,0.037451743393474596,-0.0029229702392473828,0.03747392832213242,-0.020835152363500246,-0.030494661627174603,-0.024158691439912335,0.012429169482679239,-0.035822417144928044,0.016020843639703686,-0.03965850949409469,-0.0047191801454182945,0.005400046044672783,-0.006263366805161236,-0.02111165926992608,0.013402757296295767,0.017169072230121686,-0.004838242863179028,-0.024598105123007957,0.01850361582042275
2012-03-23,0.029759916353605212,0.03198346888821654,0.0069957637906052335,-0.008722357143038801,-0.013365526564615331,-0.04208625261437318,-0.03720220587265004,0.012594536444995749,0.006662713734698206,0.01452394970554231,-0.006387851892130638,-0.0063231306009713705,0.008372257210012637,0.023087200592191243,-0.040758577486989175,0.012671390514291525,0.0004310184230849861,0.013708100666026133,0.002125952704201054,0.018267656566198262,-0.009265621246164066,-0.005066686503649419,-0.02457972333886771,-0.0007106917037320738
2012-03-30,0.007804984946854712,0.015734259517609657,0.006494481707870207,0.019160764282796096,-0.02161642073627327,-0.01180773970959769,0.009491785680330697,-0.010811206701059537,0.004648014045907285,0.012089215431031596,0.011367869719767835,0.002807872221135768,0.010597472716099718,0.0020208887286032136,-0.009232360549879678,-0.005763434819377387,0.030038594348654614,0.016418666805696917,-0.007406034835986918,0.015200551281644461,-0.006341801840571355,0.01928480459098017,-0.001650343291485048,-0.02044073588463387
2012-04-06,0.0011375224541567337,-0.011098910657241287,-0.0006548428853024225,0.004439312919650322,0.0188367057995772,-0.004023048576154883,-0.03095684782233816,-0.0021919340065506975,0.03447043199798917,0.014159960278187687,-0.007627169268252741,0.005793345122811556,-0.00745490149794431,-0.0153076017756386,-0.004483072593566011,0.0039427814736810365,-0.0220448691922436,-0.01002076591381513,0.00011776681232748509,-0.003763726126949082,0.0029651682895118167,-0.01286620567854957,0.006574465602619197,-0.017687533457974282
2012-04-13,0.023609015952230902,-0.020563704435830787,-0.011410147190046904,0.0037905252428559505,0.015615373892747812,-0.0007146561363871522,0.00869107257524551,-0.0035578132876146794,-0.010999211149405169,-0.003259510594994456,-0.010071150608453474,-0.017295594474235263,0.0067366169033795465,-0.015460674959971773,0.006677220900432301,-0.01708607614904641,0.005235614294567954,-0.001870180497422237,0.017928300056114232,0.0009369545070619318,0.012402702459949637,-0.00509719104293512,0.0039558084613813506,-0.015175123679766537
2012-04-20,0.016173286124816572,0.012987643885242282,-0.0023619873830662604,-0.01570302471380277,-0.0400708646088611,-0.05653892412671714,-0.015389656552934276,-0.007055231067805413,-0.010504329359957093,0.002566383420430071,0.04125584594325716,-0.017378458562071264,0.013921511350286617,0.004411895697802202,0.015722306760602916,-0.014413993047783489,0.0035706896540859084,0.003759138536382916,0.03253175650965411,-0.024799951920953904,-0.02514420645295637,0.004601063963825185,-0.01379495722064073,-0.004306221424593453
2012-04-27,0.01789673326176098,-0.028531382984612066,-0.01662982271367969,-0.031159140419713204,0.008821846492732956,0.014891129966870375,0.005433638840202957,0.005131539165370886,-0.001212175579192936,-0.010410748430075504,-0.010225078261382777,-0.008824872990412503,0.0029564118233707222,-0.004773818045459591,0.013387616924733482,-0.0030989599869310942,-0.01794308071240199,-0.030812454001752625,-0.008498256057854791,-0.018913839478239457,0.015176246892847696,-0.0008386047096425814,0.02317858574825331,0.017473862752200517
2012-05-04,-0.00688006189983334,-0.004767591626404031,0.004976888710573869,-0.002806405337877462,0.027635313828614436,0.01707669789333697,0.007472477558876627,-0.007973609218707805,0.0034357430359968112,0.002845600849116888,-0.006010055435006091,0.01938620082948964,-0.027867951145415452,-0.004799167858726324,0.0018075769580359286,-0.019286697030492825,0.02786489135067125,-0.012218012334308996,-0.004416155595275453,-0.00492563570746344,-0.01889913925811547,-0.013364656651054518,0.02018459211769487,0.003132258843797286
2012-05-11,-0.048153153815181204,-0.03684167098763424,0.008815247907983145,0.00019326311784926328,0.03555079371771979,0.0545359725007165,0.014590812351684416,0.005860325610813531,-0.030456482530873966,-0.048692353623722096,-0.04157161626749657,-0.002391673991202277,-0.015095288067926134,-0.0021367020453874116,0.017547532608403048,-0.03224004006634806,-0.0038690325809834746,-0.04035355164593078,-0.005109553878398212,0.004058232438156546,0.031155204616005502,-0.020449094841594087,0.009353213332074822,0.035877346593176186
2012-05-18,-0.012034489320679324,0.0045011012113063565,-0.008096822052727522,-0.010001752090952946,0.0008434879458822722,0.005703638440800128,-0.020410184395745462,0.00434578842365071,-0.009575795034573214,0.003495763718167136,-0.007232239200962705,0.0057763364381545924,-0.006278420140331007,0.01650767293378865,-0.0065174724753137864,0.0009906446086451887,-0.015597811559655832,0.008862776381241791,0.00969812391374058,0.009100955988635221,0.02466450628442133,0.01768319612943509,-0.012063041102566353,-0.009480040922828979
2012-05-25,0.013624753989939394,0.011616341752322755,0.01359350057599224,0.00926307411809413,-0.0051507328623835325,-0.006482583499615564,0.006775097085685114,0.0022426531225370056,0.003412962289560498,0.029913455858354976,0.014704760747658939,-0.006711362483723367,0.003553048245675964,0.00836229245182461,-0.00016881081568134206,-0.003335408246139284,-0.01880490507600114,-0.0004177143475827712,-0.012824857702523418,0.00019267478639685767,0.0034446015169924083,9.63836988321868e-05,-0.009351165724235765,-0.024480326572576726
2012-06-01,0.0024622331483852237,0.017700281983279473,0.008725263566938597,-0.007557554071757242,-0.006661071480883701,0.014452617522481056,-0.004995459935281576,-0.012175394611280267,0.0016348517635512002,0.009645503257405784,0.004391618881614751,-0.003824026090654205,-0.013601259659187955,-0.010679566126046147,-0.0010233115688813312,0.002828254535979605,-0.005178564108402066,0.007079908296991363,0.0012200090215249222,0.011465076638225501,-0.005780441864425244,0.009993470943468991,-0.008798694433058604,-0.0015014401033198906
2012-06-08,-0.0032703358805632977,-0.001346904859519906,0.007268085342876798,0.005485434004325368,0.007135693533403926,0.01489221384297465,0.018553917770940745,-0.0045805733260979795,-0.011289315424226305,-0.006535034767377984,-0.0006616999833360081,-0.006610340948206587,-0.00448576970930251,-0.0026193409613023038,-0.026670672265144524,-0.008330544661418303,-0.003219929846094879,-0.011001627322563191,0.01673368184473622,-0.01625094166865138,-0.005484685314202252,-0.036021523871535704,-0.0023585692513573434,0.00356547067981928
2012-06-15,0.0018333404053854745,0.014750104247040763,0.013545639898697013,-0.0010691481006734455,-0.013292164157485385,0.002780247455306995,0.0025541167563315923,-0.01699621818032066,-0.01777101513535988,0.0004750085521501874,0.017788589462933397,0.023410050250323472,0.0046211650534863,-0.012575353369820338,-0.009089625795023058,0.004671751650804578,-0.017991205399607888,0.01488966152024822,0.01173258316087082,0.00012652565351223624,-0.007537128854614862,0.014492800315465165,0.0075516686262525595,-0.016464900452652243
2012-06-22,0.008794925199027834,-0.021555037958374816,0.006558208742265722,-0.0307514901171971,0.029748459352858955,0.03749191459217342,0.007947406784259876,0.013359016085066358,0.000517601394344154,-0.021869904936250795,-0.003979828059834632,-0.0038982914292699034,-0.013549872877134111,0.012303650276399646,0.010159839888107062,-0.01615758244227912,-0.011600180269818459,-0.023122824134098115,0.007892683949446441,-0.012992618570421029,0.011991781229892614,9.64362015945814e-05,0.002352724091730917,0.026074448176640896
2012-06-29,0.002264562597058479,-0.0005424918263599696,-0.009501829685302235,0.011038142673646448,-0.01574741457521926,-0.003134433919010869,0.0004443289664782834,-0.0176284264978108,-0.005118653219493382,0.021166781744813117,0.00865240183927219,-0.014967721469963672,0.006532665354422368,-0.003838016124496991,0.04481562120320584,0.002662293639672955,-0.0023611412089550236,0.02329263748857366,-0.02081174711040413,-0.0020621018907677237,0.020322053374466128,0.004082298247766771,-0.01750876428675805,-0.010175310861230778
2012-07-06,0.009175472839841584,0.006201721064671187,-0.013992998461659693,-0.005036829225039794,0.0025946673503550724,0.013441688983062545,0.0105025429234904,0.02127416819511693,0.002839248366266506,-0.021032801466246552,-0.025926555501721554,0.010636664218408701,-0.02025123855337124,0.002318500270729526,-0.00322356853402387,-0.009254548596987478,-0.01616005326680938,-0.009451406344821927,0.0035410852118708354,0.020127008507271015,0.012505704896273265,-0.008037939172379152,-0.01741442791752431,-0.005848862054859574
2012-07-13,-0.0038137381934740446,0.001991189247944491,0.005579980701967966,-0.0269332311863995,-0.012113495832101216,0.012531143331350782,0.004534810896228758,-0.02032256529086359,0.028771801419664633,0.0003362443277220998,0.008097917735172674,0.0034788574634385437,-0.0032125996335193377,-0.011282260384492183,0.02855774703106228,0.008997152986212495,0.011370421887332036,0.00901243796959102,-0.010953456823566389,0.011676965751888715,-0.011669949260873252,0.006579570271668476,-0.015211261545877644,-0.026130291971798784
2012-07-20,0.021655269961715108,0.009272635374902133,-0.019478584322751732,0.007387367120136354,0.006115287671322276,-0.008710496022901307,-0.009814595424720352,-0.010235501802381489,0.01848847529387717,0.0310819969581044,0.011047802448140848,-0.0075260248979239835,0.011995467150891531,0.006368773012130195,0.002394297414931073,0.00577024384493312,0.020982748648158446,0.03457959324875502,0.007565040706836373,0.019318747939160903,-0.015044955932864226,0.03240129073831362,0.005446834157296043,0.02122360502858314
2012-07-27,0.016765553887324536,0.01236345398681144,0.01491351154229232,0.0020662912452370677,-0.010673165525516844,-0.04908005191998872,0.00941798520237551,-0.008622877376292328,0.02091889697536752,0.015461105547669975,0.046818310303864366,0.00026855882582536676,0.022060873069107964,-0.0038313922066423216,0.015614211576596674,0.002447044281636089,0.01754862429392105,0.03415892284610299,-0.005028303402298142,-0.022897795400920393,-0.02761984838350725,0.02864720200946023,0.00842924699212164,-0.027209039774729958
2012-08-03,-0.01774416017819726,-0.03829432442678092,0.01272607602946394,-0.006294315203222459,0.02035901433578607,0.0409950596719283,-0.008544814406918278,0.002277712574465995,0.0008120213128504066,-0.0459431807539282,-0.005251656297777988,0.0284136657437866,-0.015493990157568707,0.0013132016567018972,0.010736950616061492,-0.019251807771519355,0.0054687687202239045,-0.03529524307352987,-0.007314192488735185,-0.011389535908524318,0.01776885712064352,-0.0017919608079032586,0.0038852848597359267,0.009469782325650754
2012-08-10,-0.025110167130050744,0.010300245354068163,0.015825521135061676,0.010449845186987954,0.009086338479759204,0.02173648618617169,-0.013562527728553063,0.009247126091400989,-0.015059459075561317,0.010425407945890006,-0.04596394914689496,0.01594017494929237,-0.011636817678228297,0.003873900815001975,0.008768105576442555,0.00014694707420231587,-0.014358483286491332,-0.013453530235454434,0.000816714368310845,0.00751018956476776,-0.011129229086919342,-0.02430817318682843,0.0003552742146263003,0.010743772660542258
2012-08-17,0.026924870143373712,0.027614981734682933,-0.004030723772634666,0.023913541469813806,-0.02531207819765779,-0.037940133336374304,-0.0014542762825074228,-0.018263919166011406,0.003065937005117132,0.023708198051363195,0.016092432685996125,-0.0060419232776012174,0.035058190470720535,0.007364477378573454,-0.0274804138294234,0.018408639890430626,0.004432865536790923,0.025464496389950745,0.003930701028324925,0.003149729276475005,-0.012891974114430391,0.020759181830950574,-0.014488458405700498,-0.034139284409158
2012-08-24,0.05864010461959028,0.009076061671664866,0.007807333658302502,-0.018922091493529913,-0.023023282077726467,-0.0414548519756239,-0.008678500087563112,-0.0026639244785649635,0.014899634012492896,0.02707848511456819,-0.0005198591516644702,0.011772703064149865,-0.003665500756117759,0.015138374298477392,0.02018978587046135,0.011449095912182333,-0.003655172997671434,0.026389785768170738,-0.002386963894484295,-0.0052494318059684245,-0.016270619164029745,-0.006558198398978164,0.0173516440052989,-0.022772830047181898
2012-08-31,-0.04593958890599131,-0.04649053696122284,-0.0061046865964050605,-0.01174289710046401,0.016506660090408576,0.06124265630001989,0.018936726356858155,0.021942387800057986,-0.03112150813520801,-0.037688633987284274,-0.05252432427609656,0.005680567185242976,-0.0279368394555077,0.012120041484994555,-0.014732401009755227,-0.019432794272083956,0.012995599636486773,-0.040630839710360266,-0.0005235614986745423,0.00040609808466456065,0.016364710133383302,-0.05612975415094698,0.011515387643560825,0.04555398901744798
2012-09-07,0.014621583862779907,0.015259223810920498,0.013132791573122853,-0.018133947909602675,-0.02528177511626272,-0.03726582200532909,0.01571235489370202,0.00043784227152576446,-0.019154086900580986,-0.0018804478516808026,0.01294194915777756,-0.013181684778450027,-0.007985927742424022,0.02263607589536487,0.007954628453024578,0.011783074397910261,-0.003980358466258336,0.027446309911902216,-0.0026903538040575475,-0.005241651571703604,-0.0024896546888322456,-0.007131052466036732,0.018968842654555906,-0.014641577919852407
2012-09-14,-0.01757442465765314,-0.04236560114645037,-0.020197264729181756,-0.013682486598697238,0.03888325873022666,0.04625508117398589,0.0022222825696630094,0.008985432645592588,-0.029137747069460797,-0.03145567592013527,-0.03518300686775078,0.006727734867760083,0.002957642714025122,0.0021376399087804313,0.005189166153170688,-0.015587710260768078,-0.0062044359601467975,-0.03720074807793356,-0.02464370313300449,0.023178668470063477,0.017811005704856567,-0.016477978556369156,-0.011837455025570234,0.030595015396085785
2012-09-21,-0.010305812747049494,-0.013078645048928477,0.008798906083744736,-0.0052057015205462295,0.015284569030762913,0.020877503137652523,0.03230132595457769,-0.027374848200237563,-0.010985294058094732,-0.020286043721540498,0.016682771022294367,0.0005269578319739498,-0.016074842561212953,-0.015330148919594788,-0.0045121376897659955,-0.0212595985799652,-0.014997842560369158,0.003808568243781985,0.008948953627351272,0.004797791921867481,0.009077108757936136,0.002791431811306049,0.033699752238894584,-0.013224160412640783
2012-09-28,0.03902078494640589,0.10175088440277519,-0.021349332401677284,0.01718559765079924,-0.06561214649009198,-0.08195554570695672,-0.0683173875254615,-0.008143083263667994,0.026651917160822797,0.07982422812845098,0.030750432076985922,-0.029407506328818785,0.019932838673230344,0.0035695492256601555,-0.004818338349788432,0.059926848492640086,0.03458120617484577,0.053579472940988145,-0.004913521503527664,0.01774642813290475,-0.025330944054614914,0.029001430165807127,-0.04112014067954931,-0.04379845877222653
2012-10-05,0.006803911990259678,0.04394996484087499,0.006903460396899038,0.006406036447250019,-0.018622155847141136,0.004567671725542611,-0.029209530325509693,0.0015607577686783912,-0.0011349864198097644,0.04051692156089933,0.01795140536665263,-0.013565339492694875,0.012489582245977252,0.010796699667778306,-0.011147132072058768,0.027376933141753854,0.005258339978497639,0.020177278687329377,-0.0017119554186893532,0.015103970785740033,-0.004906236586548341,0.006275374851562657,-0.02303219309052592,0.0037523047275301244
2012-10-12,-0.03501074858628761,-0.028765900923737313,-0.007551597043912107,0.01653362612557309,0.013109330450004036,0.025627925581999673,0.005120834101935055,0.013191985182878403,-0.027281870530313865,-0.03086329506796077,-0.04206142028287673,0.012324293366106373,-0.016336800922612943,-0.022195493180649423,0.012820280517573134,-0.03216474488117564,0.0057425720352829715,-0.034568451467806724,0.01849240994565803,0.004149456147676958,0.0006041126071131588,-0.02444476865986922,0.017174196098397092,0.020807587058129916
2012-10-19,0.059213252069237665,0.08797355087344341,0.004741666546304394,0.0067693662767702905,-0.054661685915688644,-0.07937744732998703,-0.031234476336494624,-0.03622257804446476,0.00676172475497628,0.05005648230047503,0.0537981669677931,-0.02850908794768129,0.029550508665634422,0.01502697701887944,-0.0041414809408586335,0.027478883620130828,0.016157464051934755,0.06116226846577463,0.022299637849644668,0.011262916458554604,-0.03197684991086856,0.06382078022872055,-0.02805598942835498,-0.06297990636310204
2012-10-26,0.030254421616893623,-0.0025599659673976594,0.013411408798403322,-0.018531732384047775,-0.020351823207576336,-0.019240973806206402,0.00930639723370979,-0.044223110462287676,-0.0020682994251695966,0.026632665475934177,0.027615888074682952,-0.044841886659323246,0.027461040705045233,-0.007672344987088373,0.005093503781665652,0.008303639951785144,0.001587317911119785,0.019024915763200603,0.009965440092072772,0.007134548247597664,0.003684012049866226,0.02837342829989637,0.020299217357345006,-0.014154008558404523
2012-11-02,0.005201842964386945,0.05057357734652771,-0.00763697184853286,0.012140834005324955,-0.02401999212415553,-0.0282739064911723,-0.023800988419295132,-0.0408552196059811,0.013092070439125827,0.03406582512672899,0.01663357728550973,-0.009135890400181593,0.028816777008666958,0.01333251060703804,-0.0003722480123431113,0.0364117291482576,0.005709307073746221,0.014052739626453977,-0.03051281249667527,0.00650990979058854,-0.0019158911902234163,0.00454836207273581,-0.009720480114118716,-0.021486139890947605
2012-11-09,0.0036753624324766133,-0.0345750256942776,0.006036808467592832,-0.0008717441559631433,0.03018458828087508,0.0010014031755046816,0.014228166568624766,0.010241033514200481,0.011605710692872636,-0.01425810742626615,-0.008337245507024938,0.013351920419465348,0.005257316610161704,-0.012756970692753866,0.010170910418342435,-0.004237002438437573,0.022959822270853154,-0.006089655906429226,0.002223938031164591,-0.011726323661714149,0.012876181505145965,-0.004778925225351512,0.01874906108466292,0.0016209128477460456
2012-11-16,0.0035061057612762667,-0.014848704791525127,-0.01025266598126684,0.004567135578743778,0.03733638368650807,0.00911739330413755,-0.013087263544275952,0.004654406536908816,0.01572488571753912,-0.04218727537802602,-0.025567130047962155,0.03875655853902718,0.0011837740165491252,-0.007643276416084146,-0.008780434965828657,0.004538742228613149,0.005145082285241864,0.009609987601327865,0.0015872873153525901,0.0019429127099034015,0.01691508741803109,-0.020364992448691027,-0.021630254682022794,-0.01044806219269911
2012-11-23,-0.0309675689015737,-0.01821972583416622,-0.018124242592843162,0.005033987980051031,-0.0010101184532206858,-0.021783190271527034,-0.012482353697717911,0.0034199552888930585,-0.012092504281812008,0.007836478113005052,-0.019274451372248654,0.016283872063135932,-0.006070081898642293,0.0022500904766737705,-0.015384731388582191,-0.0015710311392076767,-0.013156254642322153,-0.011148955820216907,-0.004955100833208911,-0.0068839958921335835,0.019218229361114787,-0.005241737485799248,-0.009346116745227447,0.013347200007119139
2012-11-30,-0.008477430022509277,-0.002738220571690867,-0.0038037631008182426,-0.0024662507633099054,-0.002736417142213723,-0.012820729279542122,-0.014399404332190432,0.016857422455378482,-0.010123973584555787,0.02751749052317994,-0.00011644462592375233,0.019800828276333334,0.005713404785153219,0.029637080942008724,-0.018587459202592214,-0.02222610161718136,-0.009908122024390432,-0.00023119806881441874,-0.0014070209201966803,0.013944744948262694,0.020791440189110003,-0.0051785112014761416,-0.0032916151433695015,-0.005755536184063502
2012-12-07,-0.023109744850058726,0.014980804764135528,-0.0023608163355922918,-0.005847787172675711,0.0035424771406621734,0.004809266916049916,-0.009887491025207598,-0.007343267088417357,-0.02178845179763888,-0.010332900854460422,-0.017337475661156947,0.018047913129156698,-0.0012951868989001846,0.006238122664071146,-0.014120168169917124,-0.0008962704894453481,0.000785150566899507,-0.0020291844847828786,-0.0031297870835557302,0.01769639884871986,0.006141748170072268,0.0005622766387412461,-0.010585553207010249,-0.012487212630856209
2012-12-14,0.029545475583775932,0.031723356177849264,0.014284573455730197,0.004679452057881438,-0.032869461956051324,-0.04587546536850657,0.0008225111637747565,-0.011976595621217789,0.004356962155145372,0.03782775381680251,0.013200486180876278,-0.01897950668690266,0.03211867844751079,0.0076826228376282914,0.003984452662622224,0.010406586765100923,0.009252229511757092,-0.00380339498828618,-0.007382098141315162,-0.0057716559890930155,-0.01982643254780892,0.023433926036759884,0.016245773115363165,-0.02981808755349325
2012-12-21,-0.0183302978007086,0.002617127214215355,-0.00615658725058516,-0.0005373332146443607,0.0027613374812948846,0.03372439471389534,-0.028662805652789367,0.0003376038059244345,-0.0020700294466543864,-0.01353860795139299,0.004676138233902309,0.012516963368031594,-0.0033201429183648047,-0.0009593165120816249,-0.004862115158277829,-5.6244211610745635e-05,-0.003155175992040682,-0.008153497819850246,0.0017070449080324838,0.012500728701950488,-0.011297549961033465,-0.018007705378049455,-0.024670801969174132,0.01548204959103753
2012-12-28,-0.025038459272766603,-0.0278226525957547,-0.023331509120399913,0.01861702139563791,0.022947464357865634,0.042960373094287116,0.024169322041453507,0.0029359025727906645,-0.019262650096765997,-0.02674994576750904,0.01157375191307047,0.015877903559171982,0.006169795936922585,0.013019976506110949,7.359486618098779e-05,-0.026189126998221776,0.0064588906457218225,-0.04990683847210508,0.016958984059213603,0.0018505672445858529,-0.015589506387682184,-0.023283538416883996,0.01296579439886101,0.026027316342488133
2013-01-04,0.009024946714037018,-0.01574529305088043,-0.014479816271007473,-0.002900661406222066,-0.0002985812685480661,-0.0032801046473167244,0.019534107071647763,-0.012664352129802096,0.0033777659126764076,-0.0005355929774163965,-0.016611304142083637,-0.016343844745350243,0.00047374945926789626,0.02096081576589137,0.009928757382510943,-0.024966568193651246,-0.036175065074530444,0.008728692463365282,-0.0001627047582143991,0.009775872347418543,-0.011051887375745698,0.006199987854251632,0.01525988493448292,-0.005036091029509623
2013-01-11,0.008117578967366434,0.009117864278230933,0.010716794011119909,-0.001311851923758307,-0.002818773906301029,-0.02303206875815904,-0.01657817858424428,0.014123876329246167,-0.0019465514288363505,0.0046798390194659634,0.011943162080404484,-0.005358714129604438,0.0016884859038194021,-0.002871005414578086,0.005001706277197882,0.0035632810317626573,-0.02409720394407397,0.036957646017875,0.0004223550472636608,0.0025945713903337093,-0.024453306780916464,0.0054018560958495115,-0.004365902351839597,0.00494821254109791
2013-01-18,0.002444717928210956,0.025306804449634616,-0.006574171270813299,-0.0028504399554656243,-0.013013692811570788,0.0003601071077074247,-0.03131529461720372,-0.019038012201932398,-0.018619112131536077,-0.0018692418085531244,-0.003401943999270211,-0.023266279065275324,-0.004477742342928251,-0.021467041098575786,-0.013025368056125437,0.022754270729115973,0.006134404922760678,0.013487105510798179,-0.012021039598904758,-0.015172753861616982,-0.018970768398340797,0.004642527701714669,0.004628745521694776,0.0004542109712063411
2013-01-25,-0.020251601039749663,-0.033973705095938334,-0.007361191769452654,-0.003721055857795829,0.027874030390235498,0.06289703705829736,-0.014357734717802013,0.01495583069928156,0.0027478103755386365,-0.04373363993408401,-0.03264602853075115,0.006266325852403738,-0.015853191434878195,-0.016627465058328256,-0.001225715012653005,5.4534142861925594e-05,-0.0015759812757704939,-0.04131749505526931,-0.0025304739716285655,-0.005853821394582395,0.012408497708790307,0.004433370214517649,-0.0010164421783259354,0.01328613704555764
2013-02-01,0.05197725001354352,0.02576351286870211,-0.00013980075826410844,-0.013765289753437377,-0.0596640170279038,-0.05684379240764156,-0.002730653665371407,-0.026645766527213958,0.007642999569990179,0.03942355426585619,0.048731285811407996,-0.03028647731700184,0.02030937358495936,-0.0006226476902585947,0.012235648291141644,0.014718716876255365,0.03337717615622294,0.05293616943205344,0.021013774084429882,-0.004070121813908402,-0.04708401714601251,0.025943596166111485,-0.0035678841399069674,-0.059174925446847756
2013-02-08,-0.04976079142993897,-0.05478791671235322,0.004939850137311064,-0.002313762556225441,0.04705921761303049,0.046933997998804766,0.027767337290729645,0.024740403108015,-0.020181637522340708,-0.02588579239893431,-0.023605119271385186,0.0305335434605722,-0.03422838213041008,-0.010228529929594932,-0.007077598091063283,-0.03662560704394043,-0.00427975981564053,-0.05145769417648682,-0.01644252079821153,0.011249200057800175,0.029247141237833656,-0.05314242089184439,0.011119355435563312,0.053926263303309914
2013-02-15,0.047871647048558966,0.046708590033331214,0.016647407155881422,0.008271636659046431,-0.05460553188348005,-0.07161957630407145,-0.010293315690759001,-0.0021567363220087715,0.020948483708520697,0.05734149405939026,0.04003044495557134,-0.007257607253882236,0.005840919901567026,0.025918780270139143,0.008685604516407224,0.01902853048423604,-0.001154038499236256,0.04496002301518141,-0.018249403160754237,0.013636936117068057,-0.032110655750617764,0.02727515367981202,-0.01885044243246367,-0.04135472282343094
2013-02-22,-0.00914401168480964,-0.0010146844904669922,0.022480341923990628,0.016955752071431466,0.004351915140993376,-0.0004676092779531342,0.009339258419506837,0.013955799042821002,-0.00989043643484173,-0.0006965210350363459,-0.02219222340709511,0.013556381922014188,0.024731657092278907,0.0014213293845053042,-0.025984851128579855,0.008008520395268679,-0.01103452039128983,-0.007935882707092584,0.007357778837975612,0.0036952924989643817,-0.005785045232981099,-0.008113707462921801,0.0006736285834060315,-0.004980018552177128
2013-03-01,-0.0013294682384623526,0.0059050566222395365,0.007538657832452514,-0.0025127150231314074,-0.03003701452715692,-0.004456370720761667,-0.035024443891485006,-0.013349131994882264,-0.002451588776695759,0.0127626357948151,0.017732949043617375,0.00803932573002436,-0.0028563780895318096,0.005520805335602365,0.00639640167180532,-0.017800204207179468,0.026272489618722944,-0.004055880325480142,0.006716250351208748,0.0019551410486627336,-0.003789904372648825,0.003542709954756691,0.01164772394940881,-0.030463824084186634
2013-03-08,-0.01353916518547242,-0.010660569082123185,-0.013006576850035308,0.00782221267671573,0.02705794618505649,0.011561257197991335,0.006180477566700052,0.011531886017946847,-0.015388685224936851,-0.012809520634385337,-0.017155713190433217,-0.002176646962711324,-0.0010495637034329732,0.007525836061369014,-0.026566938750778785,-0.017837846031391217,0.00026091617595675257,-0.023212642969784234,0.0007912799611877637,0.016555529957548474,-0.007452408938453422,-0.028870350708764647,0.01260333962454615,0.015847089501900703
2013-03-15,-0.014357882375217117,-0.04384905045780349,-0.004336296248015982,-0.022554349007999085,0.019969836833657113,0.009742463596953748,0.0354149433359446,-0.007717726148947265,-0.018790704147151838,-0.02108632394456545,-0.03304114163332981,0.0015024344409482102,-0.00596894657909678,-0.000550990614332213,-0.013860522399547852,-0.0065820572560969515,0.01146018837253687,0.002386144769805403,0.001977875036393327,-0.0018171795563600764,-0.013056619636494463,0.008119359706759423,0.010673020151391698,-0.00743305258488842
2013-03-22,-0.019772949637346854,-0.006003739748910145,-0.01154956959418706,0.0044075465010451585,-0.014870695692702433,-0.016739558215975406,0.018328518226848278,0.014714699198851693,-0.015293055800505384,-0.006058459532114377,0.00671653575565469,0.007858737451470936,-0.001188778135947966,0.013527372447588979,-0.010469580199579878,-0.001711300607615144,-0.0018795996792055295,-0.010283585804191149,-0.005421470125867088,0.0017344839357202814,0.004102252775080761,-0.017306309894608986,0.009470095305337347,-0.0054456650322855914
2013-03-29,-0.003268972997747498,-0.010987738271483695,0.005351602946292167,-0.027779745913683325,0.011176251064215782,-0.005477785914551299,0.020465804344717942,-0.007833674354634973,-0.0015176490037425187,0.020314246106404824,-0.001983959086074068,0.014799242649341755,0.00029919001090164565,0.0018462196191597214,0.003922948195476282,0.004931206452823637,-0.007220370243430008,-0.01317779040191107,-0.006668414836416087,-0.0031163096215722956,-0.002521387845749533,0.009931425378665065,0.021453761672617894,-0.010174186071599547
2013-04-05,0.0246462038989587,0.023130588088674967,0.03174472481373743,0.006978812301654005,-0.030335936654036926,-0.06490974563967783,-0.016567233113613546,-0.011542373565754601,0.012119984181048843,0.047367595536934606,0.05485797547571952,-0.025998914903876125,0.003371819635284606,-0.008833171172197575,0.024483218105824777,0.029546388845462165,0.005849681347063158,0.038523981088157036,-0.007103221830799902,0.011297587599106523,-0.023902811120631258,0.019797520399670983,0.0012499048224962383,-0.03669110204420239
2013-04-12,0.009407158326285137,-0.011828082816743671,0.017045116589817978,0.011805166623439375,-0.00703259076768388,-0.0013998072142449355,0.013626523496376483,-0.02472580732593815,0.010831393131334867,0.006702897733894076,0.0003425476213293893,-0.01069448296491037,0.005259850422167855,-0.017959198735872657,0.032456013012381796,-0.00771275295364515,0.02382751686289308,0.014558113722273875,0.006160032729251381,-0.02826112248790548,-0.007919360970760174,0.015966206798862542,0.004156945885110057,-0.015584421773065373
2013-04-19,0.0038322465577855513,-0.010533420219058249,0.011697845117064211,-0.014722208218037765,-0.0034986521725225766,-0.0071206491663752865,-0.017753377267574526,-0.01896742895828419,0.014068748011526458,-0.019616872888391576,0.014570637534661014,0.014341262245897175,-0.005021737182485856,-0.011147662849078867,-0.002588313229378237,0.005163438922090837,0.005010610613496063,0.0069964890481085335,0.020771317673685022,-0.007935494470228758,-0.015888367407631724,0.004418034618067441,0.025691890814722628,-0.012200207352923773
2013-04-26,-0.0027624841061917906,0.019210748011817724,-0.01142281981471793,0.01907939078131326,-0.022552508548591886,-0.04200837903232918,-0.01341137695885731,-0.03735885617186554,-0.0036513997263306463,0.03329744212700824,0.047235670840855656,-0.0015832665767411443,0.00963093253310307,-0.007518007689114911,-0.0043784479471092866,0.030738275126916913,0.004087403002993956,0.050461278031075925,0.019721420888173778,-0.025297930182910718,-0.021362949848615802,0.009564706276841983,0.0013159064152575527,-0.023060139830103486
2013-05-03,0.02512995364474362,-0.006863973476766,-0.0030800041246519844,0.012887068337333864,0.012280972423798903,0.012248252445288987,-0.022988026705571867,0.013993238034184377,0.003062811614050647,-0.0015291623574187584,-0.0073047654691515,0.022695602434641807,0.005797445401361837,0.009223886256653265,-0.024891573953635365,0.0013914931867868158,-0.008360708452897308,-0.00748921498568814,-0.009618327037529672,0.0009215869401411718,-0.007288304237814085,-0.032552658950996516,-0.017168378083490702,-0.008982020160746947
2013-05-10,-0.010486248202429372,-0.027717463112600316,-0.011230865785229884,-0.003812796647376878,0.00643697294717726,-0.0024856187015599007,0.01452176091112872,-0.0034435956051180215,-0.010253939522306695,-0.015213024649294898,0.022564628509335827,0.00863556546950695,0.008430650743323224,-0.0003918248668073124,-0.011619727480305809,-0.0012888919508443793,0.009335949301301983,0.011515209636241487,0.008670681486965887,-0.015416292993097507,-0.005105270722113886,0.01235622432489206,0.01715351672337459,0.012080211992414908
2013-05-17,-0.021023280690768156,0.0059543823929642265,0.021429087704873343,-0.002613332391690971,-0.00023975765610904703,-0.011476670502168315,-0.007260608353741343,-0.00234955740910975,-0.0017064525802635406,0.012558959178260486,-0.014166719179514373,0.011115461506539288,0.008638541226220615,0.019483440340716692,-0.005723521138482699,0.0488356451790984,0.009643584632633238,0.003040308015194226,-0.013005300174876843,0.00838814545225117,0.01881605670813216,0.015021160184834756,0.0054364005203065575,0.009534076609522275
2013-05-24,-0.019784238620347838,0.007199080858690554,-0.01720416596534944,-0.01590036901376457,0.008187016393612323,0.011367099558129395,0.007352267621757975,0.011033836180593573,0.004916496169375445,-0.014578179099880562,-0.007061550969004413,-0.015650632138126223,-0.0263872393185284,0.0119329157395932,-0.013140155068722898,0.013263042685170404,0.011028502275316869,-0.012135810827096036,0.005596497965084604,-0.003472065734526966,-0.019161628156582698,-0.0037117773379669403,-0.010803543009621774,-0.0013429665850759965
2013-05-31,0.03696413037428059,0.002897647302409212,0.006583047153928927,-0.008832963924480458,-0.003238249813139346,-0.017099724112806566,-0.0063138065640727815,-0.016428720248927664,-0.002682647034396762,0.026335167218083023,0.030534286099389706,0.00023793047941344896,-0.004676281946134261,0.007169875810452527,0.028703756458159257,0.011823746465833184,0.01960499902076754,0.006703835795565653,-0.00025539473713794117,0.011042856486743077,-0.0027058807783546454,-0.0015620139666539835,-0.016555869083362193,-0.00246739900591917
2013-06-07,0.06533446157555113,0.12386671112020317,0.02496746498803966,0.02183529707159625,-0.05736512937757043,-0.06952595144204059,-0.05317944759374401,-0.02255699954398637,0.014935583900810238,0.07160592638191132,0.02683875037326204,-0.020313787092018882,0.03583377266773433,0.032286323182410544,0.0027973602432633735,0.03536960875363687,0.006815296124570873,0.07060711322354576,-0.021145731231780564,0.021588217299913726,-0.03795598459098157,0.0229390747868983,-0.027345426961638067,-0.03400609899982952
2013-06-14,-0.02449097561712292,-0.00046033419181485107,0.001483185957909157,0.006958835108244047,0.021025277529841697,0.022330339900048922,0.018457581184952474,0.025018456764408097,-0.018338759823311603,-0.0023459810886418235,-0.00430784562244476,0.010798004447579895,0.0064750284875201986,0.006630157243776431,-0.005137604130333418,0.0020575233962584036,-0.029406796331233293,-0.016685020477279613,-0.010931180897452299,-0.0074171514625926685,0.02612767791152426,-0.007089972213478274,-0.007058334745816379,0.006944763141630956
2013-06-21,0.0910290468579477,0.11400243107910742,0.00999365909676102,0.007448715944266137,-0.0840730111933817,-0.15002891447529026,-0.041128612266420964,-0.052572605399551414,0.0376872260595635,0.08306036512822745,0.07352221826941813,-0.01536378109845878,0.03707003596240493,0.0063398087073310554,0.03920353991463302,0.035411994161633306,0.04191973004374536,0.09932467438144364,0.028971704278734176,0.008392944880943679,-0.047023652431898634,0.060098221384469276,-0.020386567420101656,-0.08868411029745778
2013-06-28,0.0020274108056727354,0.005306203329269568,-0.00860734269908482,0.001617808122947996,0.02186005197610178,0.02337982124366008,-0.016913692813953832,0.0024523934888987953,0.002124452809660726,0.014090218117349177,0.0021687188086265824,-0.010353834565915477,-0.007578058292949565,-0.004145081108036781,-0.01222716184383855,0.02660934505241808,-0.021792338142829347,-0.027865324394468607,-0.01316361602950893,0.013625732522500803,0.01309838200228939,-0.00519482656970989,0.0020373441689619364,-0.014243012019855887
2013-07-05,0.06207894346065571,0.043856992881850985,0.021143248127404913,-0.014597052606804767,-0.051860720134070525,-0.06438597595467196,-0.0014471656641551253,-0.047954251331616,0.021063234037932026,0.03322940547857596,0.04766251880578445,-0.01212431717419444,0.0380015280466721,-0.008698985678437467,0.023400391022581745,0.03323865821210023,-0.007287237860273738,0.06083398602632328,0.016941949682964856,-0.00874266531043545,-0.04255502217864253,0.04688538529553349,-0.014439935462552815,-0.050048349103804166
2013-07-12,-6.165348885406698e-05,-0.04155838523204683,0.0016828337697251004,-0.025558798998946274,-0.0009098750801578531,0.024371452148170002,0.06910621256255758,-0.036859450677671754,-0.0008706046705775523,-0.02767598885155452,0.02679662568520478,-0.014118534095565368,-0.006876208191298542,-0.030670742759147926,0.023371957112739608,-0.03326492597136971,0.014654458425810323,-0.004375238206012148,-0.007962833257368102,-0.023968704635192222,-0.0027607230252775206,0.028325535968872537,0.034624807175496354,-0.013068358331206441
2013-07-19,-0.009735835692442232,-0.003944689908562256,0.0013557893118404177,-0.006151267042808277,-0.0006480392834323449,0.0368073710628002,-0.0009281418848059476,-0.006800571536594562,0.001827128281361507,-0.03433216140608108,0.010050051661057352,0.01113579756123927,0.006597409577046777,0.0023801216521963982,0.000555159011059747,-0.02358668390188462,-0.0023406525244915937,-0.023100159546282147,0.0063778531295432175,0.004187067034697247,0.022808898907189637,0.0003648185221562187,0.019811307879062122,0.007107897619263299
2013-07-26,0.005290459723558289,0.004178458641821169,0.00046000804468903506,-0.0007590553807653279,-0.025115299903507436,-0.022902945782048344,0.014411580730280992,-0.0006049607280885425,-0.008248846827442376,0.015001085926322794,0.006709517454040886,-0.0054084738494721086,0.0224581704620098,0.0033418159342060516,0.018351859630402655,0.017597008586923084,-0.0034207061247562573,-0.0006728280230446949,-0.005448121377895812,-0.012417314712385857,-0.03518297075272965,0.009190209391268503,0.004101662109508435,-2.0568838786028804e-05
2013-08-02,-0.008399023796632332,-0.050105355092876336,0.00926833151480971,-0.002069037292680388,0.0035043425064266095,0.019563589335931206,0.0024056320501825226,-0.016552942770795748,-0.01727531765052803,-0.020347106589647525,-0.013809262170601414,-0.0020966426972581177,-0.020047747327025026,-0.011487228220492444,0.016368994479623776,-0.02200323028020814,0.0021079053525172946,-0.035481748834459245,-0.00410893997836447,-0.022982975167871275,0.0014344464994824327,-5.329846025066778e-05,0.04297965372423071,0.02634301424683156
2013-08-09,-0.0026619306374663955,0.02430066602022625,0.008798250314035113,-0.0070188849606344,0.0004376684900321559,-0.016628088404651794,-0.025658976818240652,0.0024715518347898538,0.007250703275751268,0.008241715094955816,0.005572869969706898,-0.012380752404669645,0.011513855440056781,0.0023113006672076716,0.0010021032413071766,0.012706972583693294,-0.012678689378548765,0.00020816676916956232,-0.026576510680705455,0.010222603120141425,-0.01967095075802986,0.006473621370079943,-0.0015375467221942184,-0.00288979660913017
2013-08-16,-0.0030987022410846003,0.0009915289444844327,0.024691212724201467,0.01760733786654787,-0.0007841598231272048,-0.009477438846612955,-0.007824184798412518,-0.0017309921948292142,0.0021043382242705495,0.014870205657393689,0.004954494193265145,-0.007668942618283539,0.007515592520203704,-0.002027183675397983,0.013392303265296479,-0.00996207630392744,-0.011522290357754612,0.03129234244221127,0.03265934912550615,-0.00211990675872813,-0.022893609375642967,0.0018147863220135257,0.014220748473707502,0.005962109998762351
2013-08-23,-0.04353140502129268,-0.03637916813211117,-0.00405516320180158,0.007523067281077235,0.027142670035396894,0.023507761859114615,0.021729176455270227,0.028816463782197137,-0.014109026229460676,-0.024962066181078522,-0.029202619325332635,0.0025305279325456044,-0.0012287247221391961,0.0032131844911874358,0.0013361027976722022,0.0033237366746881377,-0.01914687283859121,-0.03960566173628656,-0.0004514237278984523,-0.007257049621625518,0.026155790941393767,-0.022121482683778112,-0.0067303877391567905,0.030606245935691407
2013-08-30,0.01942089817141892,0.029284776695405634,0.009072520871259936,0.006264841669195742,-0.014998688117012621,-0.026882435010170992,-0.01479721071310193,-0.006765037527806472,0.0035962374725175264,0.03731464389892909,0.03100541350305419,-0.00016029042377024069,0.012722436436019438,-0.0015242073617565788,-0.011041834304403066,0.004118336870902942,0.005601141516248384,0.02226238730535842,0.007490079955052513,0.009504793648228135,-0.018461439271765114,0.004514335030618084,0.016736546506736286,-0.008257744249425925
2013-09-06,0.009365381046727362,-0.0016882669989276792,0.00499032578592516,-0.004183816538752394,-0.010054976625743617,0.01433036285129495,0.009671300172732558,-0.005822568484263307,-0.015532086914854835,0.003493201956220552,0.031015219025517293,-0.002236283117034654,-0.04574922779719032,0.000706674633059871,0.033507789159878974,-0.02959651057647474,0.02437459584450617,-0.01890261881692676,0.015117243723379217,-0.011055402212316346,-0.03697170583999743,0.01981384537255566,0.02607013345020646,-0.007841347549375766
2013-09-13,0.047913254664327144,0.05942286099318202,-0.01601576535820459,0.017519127509110506,-0.022638094483666455,-0.049960978322028504,-0.05650286755543464,-0.034259506470073586,0.009808772250189937,0.0274771268290687,0.02945882569461681,-0.012376178014658224,0.0016488205119252995,0.018407202863662236,0.006399213910888952,0.02532679170060348,0.004472552180246919,0.024578159976152997,-0.0030530330561301063,0.01054173087795653,-0.021063926792154315,0.028383341922117764,-0.017278731194697836,-0.047221641983474484
2013-09-20,0.013002203901678881,0.05528256448399275,-0.00473895081041727,0.01564674445153738,-0.011527698039688316,-0.029807472511069147,-0.02467164888770585,-9.842373629934207e-05,0.012001043543953427,0.019630048601874624,-0.004801879991801281,-0.006449956132324982,-0.0022659641015556637,-0.004474138427638776,-0.00908057004901755,0.03104130078597237,0.006851834915009469,0.007510376167026891,0.01853034134245718,0.01609977923524434,-0.014855146857690755,-0.01419582113548912,-0.04958308785777868,0.004416170224544295
2013-09-27,0.03282964142876388,0.039812858220101235,-0.00945007603773609,0.02777020342126122,-0.021472998165491884,-0.03040405139501731,-0.0014717295520647808,0.003968092505454149,0.035059751447903936,0.023674988365219415,0.00490158048887553,-0.013828035096811879,-0.014768581450095946,0.0034784456709934645,0.010143439916230297,0.0249993128149531,0.0016832208575987375,0.00791805952101256,0.0020230339987031736,0.020750037081592725,-0.0038236777787087417,0.009645751196998582,-0.02348035508535566,-0.008122443019266545
2013-10-04,-0.030701628745108744,-0.004191700613944021,0.035435411035402466,-0.023282533858438762,-0.010875310035138936,-0.005783687040828582,0.0051683946343676485,0.00254750657104502,0.007151752917049379,0.003831331849825941,0.019946018603919216,-0.0037107596204722934,0.041720048118604955,-0.00580338796591,0.011586504768192587,-0.02962453703681707,-0.002029446647703482,0.019988446880220202,-0.012784835784594259,-0.03679940427874588,-0.004226276677789666,0.025919226862812884,0.013835687610377734,-0.008892921198783953
2013-10-11,-0.019762429060541636,0.02103447914093022,0.006239576857528147,-0.016823212976163977,0.01128165996992608,0.0022854963926820992,0.0019639077098961653,0.010255518114865369,0.010194232850349892,0.012596350756668463,0.008955947342055782,-0.0222741767710523,-0.017079153384536742,-0.0028535896426913586,-0.007160533955064464,0.015202116289303281,0.0022952837193053613,0.017480989849984724,0.012014820990715986,-0.0023214812226198516,0.0018607037392460394,-0.011925273178873479,-0.013415127805605439,-0.0003846597173276529
2013-10-18,-0.036897077554428316,0.017180231181069837,0.010664780326399344,-0.012444768601933814,0.018266287980854452,-0.005790600072865793,0.01331943215525237,-0.014035292932648503,0.02005224681166126,-0.002067865036407894,0.00970311247463961,0.011817044423513884,0.009230020210202632,-0.008185207270957031,0.02188190189493394,0.020267034438956465,0.007572465923249211,0.00439649788608952,0.004978250794385523,0.005085440318465558,-0.010124196789148152,0.004022934714774828,-0.005027253071727978,-0.016172647918759567
2013-10-25,0.010406749274748718,0.032195874448806616,0.022591220592424324,0.0124805796307733,-0.02846103793886775,-0.03625912742424596,-0.002317034507695933,0.009440771207778482,0.009091685951857659,0.015621727323295679,0.02337113275547288,-0.018514443422495797,0.01221418067470593,0.034091593919300764,-0.0010748498784222205,0.008607424639840053,0.006423663547362073,0.014491507091860176,-0.017404398170588437,0.016993419316038913,0.00427975621769002,0.004089401967692105,-0.01846165318379552,-0.030314085691369654
2013-11-01,-0.012470512310610509,-0.02034011253795687,-0.014357897858975023,0.021400477714505046,0.017088093633008082,0.022626392165465515,0.01647252401826719,0.014621588314431604,-0.009859413685527445,-0.007934317776984523,-0.01167698805630238,0.009891926594838136,-0.0008732205611233284,-0.0054678865030370035,-0.01727094253691656,-0.004207890735700461,-0.00471228301049601,-0.034900788193581826,0.005344660814463621,0.01092508039692265,0.03648417785542318,-0.011805907094600488,-0.003922648178096701,-0.002235538270863636
2013-11-08,-0.009344191468250508,-0.01568011561433271,-0.01166371568357028,-0.004584421354723462,-0.011084845461322839,0.029380585514004545,-0.00023486852638912245,0.004440245773814632,-0.02285155758121713,-0.02032646121962813,-0.01188744821489808,0.004846205185797635,0.0002958691617392104,0.014889110158362306,0.008770700895236894,0.0027001879412494705,0.015364562514432469,-0.007011803573605929,-0.0007958119576638367,0.009428916326451615,0.019585284175956987,0.0007269939706623877,-0.012060044629164844,0.002594065741744391
2013-11-15,-0.026952269841589105,0.0017906601757537634,-0.009247169474761624,0.018492887729956862,0.04198429693076023,0.043568880770350094,0.008833273379499948,0.007719607681736712,-0.0029162344221779378,-0.025414367277970137,-0.04485505184157497,0.008004423505566557,0.004416693673858442,0.014109109043675724,0.010500012572839026,0.005550421009613051,0.02046133313955047,-0.022817477676015586,-0.004933340317568535,-0.0022428985891162923,0.02778388871339934,-0.028068503460531035,-0.02137076576135917,0.0369932421046169
2013-11-22,0.016128793001513566,0.022776826193033624,-0.005023583065352892,0.0018412974903348081,-0.002913362006327923,0.004478504683369197,0.012165797850079044,0.005621661378214435,0.02533070473849678,0.014997786909878217,-0.002836511101944048,0.009311984444939067,0.021382336970417536,0.027124620475665065,0.011481069389231754,0.006238851217892146,-0.003225841901059907,0.010065762088230408,0.019245410838682052,0.00944482877429862,0.0044064727371370405,0.00033516767134763014,-0.009882464414158802,-0.005087164086626651
2013-11-29,0.021197678429025056,0.06666783104537333,-0.0025934740456544725,0.010275648438919528,-0.030773556996523618,-0.02568451458030231,-0.01182691009008556,0.017380799236014963,0.013451785991052255,0.03372783068121325,0.00771914342280716,-0.001042114407322126,0.012462938494224104,0.01215569360040607,-0.006027225521457534,0.031937446637393195,-0.0030341064890770314,0.02149133239148808,0.018538787755980293,0.04737532661012824,-0.024936154970342565,-0.007948633622868084,-0.034159773346926964,-0.024305592065550222
2013-12-06,-0.002267302080485185,-0.007911411593579526,-0.00093307981684224,0.005294476875884501,0.005761544624181112,0.015890746765835614,0.005621412299325871,-0.01188555335631206,-0.019764810433050173,-0.026658562877417996,-0.0015779927231830086,0.008675268250510437,0.001234352896065492,-0.022411030891317102,-0.02016407984281922,0.0018450959282144538,-0.036373867848495924,-5.7206667832807034e-05,-0.023038510479933102,0.01033175834756262,-0.003110339882471039,0.003474653325003659,0.04025753435147376,-0.013970573929522133
2013-12-13,0.01804911453927979,-0.008512891941350376,0.006996817162923004,-0.0010109443197062597,-0.008865150028109264,-0.025480561925761,0.0033451080184831007,-0.021961094681414783,0.01943654381349981,0.005524249910898951,-0.009380692732203367,0.014971843273907236,0.0036981960050325577,0.024072796964197445,0.015461787874487206,-0.003546983377779705,0.0008937924549857743,0.012640002358992217,0.018865599436013594,0.006382064233330362,-0.0034411746801087054,0.0038392531009056132,-0.0036215184640801972,0.005473781994399475
2013-12-20,-0.021852788497326442,-0.013554887882695371,-0.014771456214410963,-0.002776892155431908,0.007371533890125043,0.018468982561319604,0.014263831395275688,0.015523286601219181,0.0002184899620383731,-0.047062140645005746,-0.01587579356356311,0.008571560043408092,-0.016368199555209222,0.00926948729630573,-0.017778635455149808,-0.0236534942595992,0.003129823278706218,-0.020349809008197987,-0.008299155407196656,-0.0006282319420527482,-0.004322217302342068,-0.017214873323998788,0.00831079342125696,0.022686667805192687
2013-12-27,-0.002021572737119396,0.030212214894835297,0.0007888547117039732,0.015223719735905177,-0.008118443678591748,-0.05962793945239053,-0.008873478451896526,-0.016095347750457442,-0.009510750372285753,0.015701873972818314,0.013953265310035042,-0.02553927011912393,0.015065362567076513,0.01453061591100453,-0.0019152015734354294,0.004332587097912262,-0.010212545653042263,0.029837946403008922,-0.01852136892925614,0.019454245674071828,-0.010039163327179083,0.0060694092592320234,-0.031601461399928824,-0.018051690164809186
2014-01-03,-0.014764076456611017,-0.049265206192261976,0.002276480673811392,-0.003370795495084601,0.015936270947111968,0.044215641798500877,-0.01008158665205277,0.01344552514247746,0.008786016039217253,-0.007455555005333937,-0.011423103048007074,0.0057147654410109085,-0.017840356439626413,-0.007804435618518686,0.006202758912492389,-0.025772113478795225,0.005273014602704558,-0.0002093962171634267,-0.0014989563760201365,-0.020757649085657623,-0.003584970685588204,-0.004022824800109383,0.008856468803223987,0.0341479714456656
2014-01-10,-0.021754925937681406,-0.0007606187375195413,-0.006688212102099485,-0.007639291143262769,0.012003761238351916,0.006054990961597432,0.025025596866703713,0.009798706820872473,0.0015262641180737585,-0.019935980675545917,-0.027256237363467807,0.0043200736255031395,0.005881318682712045,-0.0033937305407667076,-0.016564099230322694,-0.00020390600090920436,0.0012101163828060028,0.0029736897718131636,0.0017828641563617845,0.012478522802866689,0.017797647988743504,-0.026522549865637596,-0.01542843573318355,0.001780656771926981
2014-01-17,-0.0041359298093779605,0.02050310279545963,0.006695612449783931,0.0009843374375092878,-0.04400595789588841,0.008221568824211805,-0.013833652757140748,0.017145365984072493,-0.0123429520815815,0.0014632938551479811,-0.015890724209153426,-0.0010144091522450646,-0.007608752745955717,-0.013831696355198231,-0.013027708093926917,0.012899691964988275,0.011763178534691908,0.03491933163682413,-0.006748650890826111,0.0006872120975359344,-0.02244813668961493,0.005027349148446304,-0.005522442891812114,-0.006189417268011167
2014-01-24,0.008830946747461479,0.0014080401441599645,-0.009704277987420573,0.009444865938101697,0.002902314572993913,0.0026629720303752184,-0.0015312701436941984,-0.0072880725433992185,0.018766241746099116,-0.001694243519891914,0.0011632402552775674,-0.0020097418723043657,0.027904583881921127,0.012497380175989416,-0.006110643358249091,-0.009732327107880944,-0.0022158982349101495,-0.002695732407427339,-0.007678184676568331,0.0010611853254916988,0.019137227851904054,-0.016289280773660757,-0.007457108687036414,-0.0014909160080317386
2014-01-31,-0.005837290138800922,0.019780494140547278,0.012515377501832329,0.01007744980384902,-0.002642649204380363,-0.0016788542027461057,-0.01424751267946503,0.008420077618718859,0.0052897249739781525,0.013782259885868783,-0.0020344921197020917,-0.0016244664262435734,0.00183243776741231,0.009048576118861815,-0.016070163721278806,0.005960969708728657,0.0002229067206664224,-0.013710769236650648,-0.02451588032073651,-0.0038974689920330714,0.017587616502063613,0.02065725323609674,0.007341900887447765,0.024610426389432147
2014-02-07,-0.004824548996984265,-0.002458721516531372,-0.004800945675124532,-0.009588951727889906,-0.0037631094093259036,-0.016220051549451588,0.024767104013789912,-0.008611026393970147,-0.012401227091563799,-0.021186537008701063,-0.003501273733751106,0.02258803457130005,0.02328685984885874,-0.024205963382477297,-0.000764680719442992,-0.021022659045924444,0.012400820126006167,-0.0022883456961808667,-0.006618638640066293,-0.00482616195761961,-0.0035605559916918267,0.01883976723576272,0.014761541237946374,0.013605516885753975
2014-02-14,-0.04864423163957389,-0.008755121615874899,0.019146424541790403,0.018422702120866927,-0.003817074385395979,0.017437583164703424,-0.016206245640451214,0.03375511186578026,-0.0034465868917798815,-0.02274724092460384,-0.016485511122783507,-0.02336898708369186,-0.02104295338736254,0.005246487347557752,0.0017585750030646007,-0.022828049964256233,-0.010388964430864029,-0.005683708483701066,-0.020664286703384487,0.010273804718441294,0.010864862787577118,0.005797159835865165,-0.010089791560227861,0.013492400030962646
2014-02-21,0.03773140890364863,0.01086292023476209,0.004555460028027348,-0.004926060403673543,-0.03151346469047871,-0.02829281069859472,-0.0016795090616810449,-0.025813208057221298,0.01347482612473357,0.0442880686388541,0.014080430821423216,-0.010611499507163686,0.010651646191803761,-0.0023301314221075417,-0.012244950607047812,0.02622357662971066,-0.0020519789231701275,0.04298673426892652,-0.004242028173899815,-0.011112018988071952,-0.0015643868577677345,0.03251963503961379,0.00296224838039354,-0.018315401009019117
2014-02-28,-0.024113397408088755,-0.01908666589024869,-0.013562028623523128,0.010833448570085304,0.014151946668381784,0.04645128816015076,0.0015259533428770055,0.013315392181538791,0.00031812942079412383,-0.019220436349551753,-0.021979870703159873,0.008986252539833884,0.0009534163569736107,-0.006237617555295963,-0.007566460107317781,-0.006019680039475306,0.004734772973145001,-0.024147827446169796,0.019103452222229946,0.0015707659983502337,0.00930919371090302,-0.01785058598907964,-0.01711950917062428,0.00804415942900878
2014-03-07,0.01459128191266435,0.040130362521051614,0.004008599329495933,-0.0033183886450951347,-0.007855566718804653,-0.012285560007996573,0.003693035712312132,-0.020853875200734853,0.003666501301081714,0.043714320059527724,0.019542197040701825,-0.012316217588659018,0.018392497584498298,0.013717209828829754,-0.0041729156865720814,0.014200912187677049,0.015593283509895889,0.010052018529175128,0.0016464870718282982,-0.012204095392486337,-0.02387733262450826,0.0072646607468310805,0.0008990622558377147,-0.025596074711649864
2014-03-14,-0.02060630187132715,-0.04435274777245901,-0.011287975441165561,-0.006252477572850611,0.026456723898809605,0.02528527507278386,0.028293643713941607,0.000447852454717337,-0.032972308959003174,-0.015544829701485064,0.035114042874586346,0.002582054116602805,-0.006828365686376589,-0.005483734985714658,0.0318518635727122,-0.016586878211148244,-0.02363431865290249,-0.010626070645156256,0.0344664487071947,-0.011815578758330999,-0.007535439600179049,0.002804872716749039,0.012106650880727059,0.03183348708061757
2014-03-21,-0.021706922329371416,-0.00999692593631948,-0.012814812747584996,-0.007071799722767292,0.028925429850841282,0.015809017373175832,-0.002854931932352718,-0.007805165673973507,-0.026957069763114922,-0.025123977403556916,-0.00736475653848224,0.016317863373182813,-0.011538446787852808,0.01900882861836258,-0.010903624802478147,-0.006990249188707044,-0.015495461098426375,0.00037380019171375824,0.024115364060231296,-0.020385624842305442,0.0018194336178588913,0.007757343323801165,-0.01675837468097542,0.01714645644629995
2014-03-28,0.03193927270198793,0.021690788139403065,0.010433687788948775,0.022812956090143322,0.004732492372229075,-0.025941489151156925,-0.014856897928449853,-0.02019587500116382,0.019541836929212013,0.0013099542488715435,0.011004949931163934,-0.006332786520953737,0.002043755974174109,0.004189291400591269,0.033512840840680846,0.00726859938450768,-0.0013455641938780278,0.03184878296270549,0.00428309452610515,0.017526234830897675,-0.008020275201446415,0.008886099894120723,-0.024447526571061744,-0.03721245869400998
2014-04-04,-0.018428232125704373,0.02136534756660894,-0.017795394310012144,0.01970445023769501,-0.003116606145198564,-0.011362410879377664,-0.022213811037654282,0.0101334692033303,-0.006830550594757814,-0.004406254448257618,0.013675056523250358,0.0033384532803200327,-0.0013882933423705094,0.013695074654930632,-0.00529494809672574,0.015626261828135188,-0.011153227358359651,0.03012109513384116,-0.008625463390439517,0.026791096823775812,-0.003884734683919893,0.008681159885022051,-0.002474353021090392,0.008433849796346225
2014-04-11,-0.044036065891420444,-0.060324582083272314,0.020471580341175917,-0.01755237386422947,0.03599678359210426,0.05149160732209847,0.03931234806333982,0.026634810986408818,-0.030514721081821364,-0.0558753763572546,0.0008797494013456329,0.02064275260909062,0.01022816085013272,-0.022178895713957477,0.011660400218620925,-0.04901817774872658,-0.00028852445245315206,-0.06298577849874787,0.01055679957640087,-0.017583827317420034,0.017740261347989127,-0.01896080937448914,0.022926354105279528,0.047876348484852366
2014-04-18,-0.0511489012188342,-0.02202362348380989,0.01372520266684717,0.019837353248678916,0.02250024034564301,0.04347379344543796,0.009697628347447387,0.024808488161575788,-0.03200850031739054,-0.02864997595210046,-0.034850501715815184,0.04007483111330803,-0.020713314133082535,0.019869450412606224,-0.02891599665654198,-0.018990732303782974,-0.002498629809419197,-0.02765972133499143,-0.017085894190198632,0.010320504453772087,0.005487808986197499,-0.03220663385310891,0.0026073219923733364,0.030805462009353447
2014-04-25,-0.025255300032198398,-0.05600007734392469,-0.009891415330158346,0.01353971524868455,0.024393673691035133,0.024440982284032464,0.020113779273295003,-0.013122432195856883,-0.023745659609233756,-0.011246059025270368,-0.01538250223895953,0.031607602871616416,-0.011237484524293299,-0.008826499591767461,0.011671541490887663,-0.0548988535678544,0.0001756931062491876,-0.027408642958435987,0.018486747405435246,0.0011071657197631226,-0.0013076864786385044,0.003985821458429401,0.014164694422948468,0.014093514765656536
2014-05-02,-0.0044418468276604004,-0.03744887342745816,0.02178029740334476,-0.005788163402242671,0.008942306217076031,0.027573067163323327,0.03863525556316277,0.0031806168481583715,0.011386575865038492,-0.007681787042064605,0.004024394618724329,0.016433734071775095,-0.003731025201690985,-0.012445866979781384,0.032415538344498195,-0.003771278796544583,0.003014025050102861,-0.015723593401928998,0.02122274663328235,-0.007828975704953488,0.0067269612889419,-0.0010664197577034502,0.028068415809911366,0.010233981914186271
2014-05-09,-0.01857624748750584,-0.02046905606881901,0.00250436104222108,-0.008723492761953739,0.021987607852426542,0.03329351156491243,0.02450839094760641,-0.0010963640696996977,0.0033844655481116374,-0.012731287911412358,-0.020833182550352894,0.012224948615800313,-0.003016702665938646,0.026282939481664283,0.020246216187545133,-0.0036688342706351802,0.002214585047493502,-0.010978732822710138,-0.011448935766138939,-0.02701921018228539,-0.004681761910757404,-0.005270588707153117,-0.015482409657986728,0.005583552251716179
2014-05-16,-0.014237597130197238,-0.021739885169687313,-0.009426021787309436,-0.007125863226216424,0.03266156100327862,0.025806467226886266,0.0034471740191846156,0.0030886661803915484,-0.005974793706146608,-0.02247481577383375,-0.016799165021281606,0.01676128260026282,-0.010191128266364556,-0.016302064136208824,0.00038724258778715867,-0.008423126772440531,-0.02522885791233198,-0.013840230298747366,0.010382173442187325,0.0016157999283534365,0.033065393564540864,0.008842678465409214,0.02416860220189228,0.045921446001611965
2014-05-23,0.029036674321925374,0.027228415957921272,0.015865415435997156,-0.004313997957492089,-0.020180650205554405,-0.03718360257136843,-0.00609285654626943,-0.017900282810966103,0.000904344465534326,0.02586075101726828,0.01416812128540904,-0.03178840672071222,-0.008171406451060953,-0.012188266715692241,-0.008071270894613113,0.01602281517083015,0.006873344850836822,0.035597280242269116,0.010449351959080592,0.014014199696357343,-0.00418344058736672,0.015838202419338112,0.008548440949913288,-0.009648746872335301
2014-05-30,0.0062258697901997374,0.02880975189700488,-0.029838172148216626,0.0006284654648993386,-0.005144451741667595,0.00840430267312677,0.008512273429541042,-0.014098300502690429,0.018808861415691207,-0.008874494948472353,-0.015534539140502205,-0.002954432022433764,-0.0032500592136043603,-0.013255582770974748,0.0025706737056549094,0.01749961033805639,0.011044896969623215,-0.002166360333496055,-0.0021431918412962883,0.007086727639519551,0.01969262596359324,-0.03603551334681375,-0.021591862214198322,-0.0031916810553322223
2014-06-06,-0.03571008172885749,-0.0506779383645827,-0.0028825834348498256,-0.01708148817380737,0.02459104375979415,0.04579483626333439,0.025091293368831088,-0.0008685613440995565,-0.014196684036100604,-0.02946672605762806,-0.033592327694576145,0.014395176588997378,-0.015606331836805699,0.004561866767400294,0.013224164566671519,-0.012416185863086852,-0.013707720785039618,-0.032189045569620885,-0.013560463735711688,-0.02193099983288417,0.027390437602451637,0.007934296136341144,0.007561243257001299,0.020479093098891836
2014-06-13,-0.0217536159037444,-0.02420993641414239,-0.024619387039846445,-0.023396977406089894,0.028161576555607214,0.00858003713773045,0.009985363901272738,0.010710958109078383,-0.005034063439094879,-0.024978878264979958,-0.0195688246491771,0.018929490680451945,-0.006195127525175653,-0.011664217654675353,0.0001212185760621063,-0.010508832754257466,0.01701499981028613,-0.014864011886860493,0.013853364233552894,-0.011646123320794972,0.005533349274744279,-0.015405569563881281,0.007244636071961052,0.010147192740283964
2014-06-20,-0.025255775366479438,-0.04254652932924437,-0.011810107857775422,0.002192451898638776,0.04617267221842507,0.06877912163299497,0.007471490708814449,0.01800543862409427,-0.019432664417392224,-0.03547116195151622,-0.03910561670508335,-0.012534906788530177,-0.03179836802144631,-0.004813150725470331,-0.003454338564506919,-0.0035980251682881555,-0.0012951184303735853,-0.0454787236216984,-0.002964756948877225,0.009699268418495022,0.016145069685779195,-0.02818416386123801,-0.0020460814518356418,0.05922575828146503
2014-06-27,-0.0032337625913489,0.006375236141378927,-0.007523435805367615,0.013719148427850403,0.006355543602981158,-0.0010500795342275283,-0.024129551540949076,0.01721301515531411,-0.005556111514355272,-0.006352989379068517,-0.02934100614913486,0.005696651701686302,-0.006381730373529784,0.00713884900585973,-0.01054360400435837,0.0229633113372877,0.0024167468432087025,-0.0001014916492916183,-0.007371503314905551,0.008839212654813767,-0.00702494255719055,-0.019364967027720448,-0.019176780861975,-0.00444026525303266
2014-07-04,-0.008662307532987343,-0.024556085136315367,-0.02189437877576639,0.008470919736194822,0.0048599633820690675,0.004568466560715858,-0.007337508940317751,0.009842806552638934,0.011945242469255452,-0.015282422388190078,-0.010225523477207952,0.017093619678196198,-0.026290285633951714,0.02257778143146395,0.02834024647794254,-0.038306626226364084,-0.003168483956174051,-0.01990776423196365,-0.0037907687077440694,-0.005929989310862048,0.015374556029237641,-0.007761045403558919,-0.008192548653796532,0.008183503764534139
2014-07-11,0.050215301598475245,0.04776949010685902,-0.011628993301772163,0.031320362345602724,-0.054935418180351143,-0.06817589642397869,-0.03386840219177833,-0.013425359278396805,0.042066125139326005,0.05495016133843865,0.014991863864349152,-0.035407444435083237,0.015618051536717449,0.003140242967164046,-0.01803260296660643,0.03877885974718233,-0.004722279634768045,0.068889290436902,0.02400645407791363,0.003540665086596406,-0.019868069160869826,0.01292655061326292,-0.0080237049433114,-0.052458330757893544
2014-07-18,-0.00112120161157378,-0.025291300520465486,0.0035542144239986678,-0.01514566066301969,-0.0026457292106409624,-0.01760262291654229,0.04484680198773095,-0.03545321395938103,0.02132354443589418,-0.010687061710578368,0.019827157756489744,-0.013009538920697786,0.002181069057281179,-0.0066634005027420284,0.037169475505033134,-0.006345161635593115,0.004066297271024999,0.012367895990479246,-0.0027323370017872705,-0.035061672443624195,-0.021997106052801568,0.012996648823675013,0.03171415032554088,-0.030505585003224388
2014-07-25,-0.02643174878004634,-0.015325067417896708,0.00816738610518567,-0.010380267754984842,0.011080476043716637,0.04386961800032158,-0.013108209212323035,0.026135599317312096,-0.014503157919345287,-0.0053606875090423285,-0.04105214456037967,0.022215787316505226,-0.013254445322532,-0.006358019088561375,-0.01936923550839275,-0.007722744247917998,0.002728003935773338,-0.008253282439327207,0.01037272390655667,-0.009086711362706409,0.002830415101166956,-0.03350979758925504,0.0243202184723895,0.01759536740061076
2014-08-01,0.011089482011568983,-0.0038820285344007555,0.0028698708556235933,-0.005076630434534512,0.015058813290410691,0.01009734811253661,0.0006326415490924067,0.01109322539394608,-0.004954198634475185,-0.017087855446660548,0.0023875224738582907,0.0020389522370518652,0.002790749650918088,-0.006779112819016455,-0.014529557581054143,0.015850575252212635,0.017436395501392338,0.002806965933569913,-0.004856429909245967,-0.005103012728081027,0.020367449228821687,-0.008224651044557085,-0.00456560807999134,0.02961317496730609
2014-08-08,-0.0031567217018725786,0.02713661128686884,-0.018975700260210577,0.009062351440547733,0.027934744667610905,0.001827184683072823,-0.009356061489142633,-0.009340930624317385,0.012681529673474237,-0.009215949752536192,-0.005770800767305526,-0.013206772574882309,0.017292127546002223,0.017940261349728807,-0.005101457422734785,-0.008503182440854202,0.016291551070454338,-0.006480344502610527,-0.014890789035768853,-0.01535902580125571,-0.005921333406056303,-0.021740646442489475,-0.014709951953632321,0.010417753703274715
2014-08-15,-0.007225995621772332,0.006837300120445127,-0.01033291256208779,0.0025205129777042044,0.026176685291875744,-0.0017014815454739949,0.0011224861745108184,-0.015207260922138033,0.0175684766512461,-0.006788235131620992,0.008756483710463264,2.098333616076982e-05,0.005948774435501849,0.010643088808196971,-0.008651538903491681,0.016033298283598334,-0.010727652135333048,0.006790020572936909,-0.005821660458247503,0.007923873848599817,-0.003752926389973375,-0.0028933445056618995,-0.01739446243214684,0.005010168466107632
2014-08-22,0.014190382455562693,0.006316519685346265,0.0030158411721891106,0.001700324342572254,-0.0222539635436174,-0.02054394654904232,-0.015780811729648365,0.01959130615308309,0.018544501905596093,0.016251742405862843,0.026172704000433998,-0.029920978372063076,-0.024232712492682298,-0.005815414984120712,-0.012654149416580059,0.0014007794500259297,0.006157443894097588,0.0262483977906547,-0.011979480357284633,0.0026684844737237578,-0.00786298798539348,0.014553757028024902,-0.0055682783161636685,0.003016085160045069
2014-08-29,-0.01272086449132608,0.021855027753271507,-0.014609629899568675,0.012721658046407567,0.01213642752169522,0.009147491025038697,0.001353075597498506,0.007745963218789939,-0.03576414552100377,-0.04428932163150228,0.0019149073441078607,0.020544987880446355,0.016991455624135936,0.005928796356638431,-0.024192110944111344,-0.00024949034561544924,-0.004920105978778663,-0.02379095425764418,0.01659210133476132,0.03597136874367391,0.012912514692747769,-0.012006243055243988,-0.02575457032069076,0.02849696533743174
2014-09-05,0.000624957067293454,-0.014007928563152089,0.0075421403202006135,-0.010554037061166891,0.0017455441896805084,-0.014289272128878427,0.021608823157292033,-0.004829973286827621,0.012799508200161833,-0.005744025209801383,0.0009920537255853983,-0.014958102390632472,0.00918700865644352,-0.015275543059938803,-0.0010109406773024304,-0.007648877233081723,0.0031507976354834266,-0.02176630918639578,-0.0011917457102314792,0.0029586889512332026,-0.004750554850630463,-6.0701035649372154e-05,0.010688737096428157,0.00011334979558598642
2014-09-12,-0.02804741648109242,-0.03197610591023687,0.010738943725782907,-0.018502906000784185,0.012015380910396757,0.009523652153108523,0.02948555823454284,0.0025457312536479575,-0.018512343279575596,-0.01879978691448754,-0.023608441850415503,-0.006208006745163508,-0.024596375371071837,-0.01948283961476592,0.019880616865341653,-0.026090766586379245,0.004271791426362552,-0.02907976358489133,0.009834578537256923,-0.020751351219280612,0.009069172205689806,-0.006596690732074667,0.041533046461058404,0.02534848408871528
2014-09-19,-0.012476625975277912,0.00816526389412601,0.023321602639209568,-0.017886575272900107,-0.004116709410290754,0.0033484722301556575,-0.007653521740250508,0.001185159325866751,-0.017465916056590293,0.01323292814690271,-0.02321941787505742,0.00028135103291947443,0.009914176750540463,0.0023565589656430147,-0.015654804703601352,-0.014184166836216242,-0.005067055545400899,-0.01458265325252026,0.0010225092126974799,-0.012774121022100944,0.013095174208170525,-0.004071850499790511,-0.002221246718539915,0.021977356330893635
2014-09-26,0.005962170911223716,0.0023646712092226276,-0.003656672904629383,-0.0020401797311079906,-0.013272170754136114,-0.025711782298484115,-0.027794645849501445,-0.01354993952923286,0.009162996518362155,0.012456462330098636,0.02417634688923953,0.01842984961917598,0.014404122981394662,0.016013645652353702,0.012123258251294906,0.024417776000533215,0.025141679215655407,0.023950317095672233,0.009766657437760675,-0.003843523497232878,-0.007072722863101083,0.004313882366968279,0.007521362811507027,-0.019869057256634966
2014-10-03,-0.008672059849291713,-0.04973801883523446,0.021748082942259637,-0.008008837534963825,0.011901922668399064,0.030314988702912105,0.018148692037907165,0.015652334194657183,-0.01910818234505071,0.018098335974484757,0.011746266692576557,0.0045738207802150255,0.014397770257233707,-0.020773584539029527,0.0021325259059344196,0.003919575505879893,-0.021448164551446523,-0.0018378817209041259,0.00803818605362579,0.014614579113524727,-0.015819142582759613,0.018780574321616297,0.006191455586550704,0.002994882089450937
2014-10-10,-0.03273997555521544,-0.03692815886235281,0.001225606000362834,-0.015851588120619486,0.028318822790426246,0.01895295257283775,-0.003906855758802395,0.002449320644181743,-0.004344510990594176,-0.02256137406675389,-0.013661327356023583,0.016152881320592432,0.004581701345127153,-0.005601864378340684,-0.014358478510243178,-0.009814824354195185,0.0019649845518054537,-0.038302132421559665,-0.011819306873044774,-0.010296233402264642,0.007881556054250583,-0.0209416312491407,0.013516019218991168,-0.0003868094923301299
2014-10-17,-0.006711572661339602,0.014694628879492624,-0.00011258602345519831,-0.014891836622307572,-0.020364922877517212,-0.023685350100568013,-0.014023720330313818,-0.003201323326113223,-0.0020168961528624794,0.03151530997354313,0.014680658637794193,-0.014834770444691602,0.006778391969011942,0.0039413868845794425,0.014605743102415922,0.0019276590574507663,0.011265772864388485,0.014813477020627807,0.018268179139145403,0.018252166041334335,-0.00457082857045801,0.004148721048026561,0.000514553354236268,-0.015280651879242844
2014-10-24,0.01350654538441639,-0.006903515502423375,-0.0063700617034137645,-0.006112271810382456,-0.007367859175085895,0.01634738929563151,-0.0067010176059421845,0.016759361636828157,-0.01851269951918016,-0.005274578900771862,0.00835404556076948,-0.022904932961911432,0.021103721696437656,-0.005354294764985725,0.000566984776797193,0.00360509588030768,0.007193449723551543,-0.004274517170650973,0.011402798902264808,0.006227048778391345,0.024986921061787244,0.0016550843728225977,0.02462083756560585,0.017641027087223298
2014-10-31,-0.017207979386008373,0.03417704741160016,-0.005451347942407221,0.01751817146942536,-0.0045739405791186604,0.006868980667921089,-0.008370647961761778,0.004225142860547564,-0.0012604795585414435,0.02278776282016287,0.009593233773343847,0.009145901238277219,-0.023832458384601456,-0.0019841847189061355,0.006835290863545985,0.003082880238970143,0.012969715485934914,0.0004480057634029767,0.001343959486632888,0.012617450010444418,-0.030018139002619917,0.01083498712992504,-0.002649043621556683,-0.015209353571054733
2014-11-07,0.00611706610149712,0.022649863643758962,0.011954828794334993,0.000442858126671857,0.00844199129479883,0.0060038224681663675,-0.006550462217873989,-0.007431803097791163,-0.006163609214411197,0.013805590911804774,-0.0003416327440723229,-0.013177876022608814,-0.01935615586087967,0.012611649011352581,-0.008825890256417845,0.00901513882355579,0.014405317593564995,-0.012829580120270228,-0.0012249843107307846,0.001485306036196872,0.0035561893619216554,0.014787511149829687,-0.020945217146270415,0.003993747813315296
2014-11-14,0.0041688739852018784,-0.010291515836245282,-0.0037932855012041576,0.004841179598123963,0.013055118729262606,0.01849870910902362,0.00926792997390566,-0.0067739237312910774,0.008341687893583093,0.006095820690640406,-0.004941112698507208,-0.014241048787979412,-0.005251576890449018,0.002778717503478606,-0.015898358289800022,-0.007137902262964131,-0.01906693704741489,-0.0018837187960532766,0.0010391481912640367,-0.018705801414050427,0.0090333121564764,-0.006817268038659131,0.006104890225284346,0.0035110887046195397
2014-11-21,-0.01586161136145769,-0.021008246001193994,-0.007075775849053317,-0.001844177611815022,0.008374994702021517,0.007901052978146375,0.001501093696354175,-0.002468843915203255,0.026860439941591433,-0.016937039300137242,-0.010569863859622788,0.04203473747152667,0.0022190004612015245,-0.01884696037671655,0.01116002779051306,-0.017215995272857054,0.010243643716572732,-0.010038845945015149,-0.005116593822421496,0.01646684863710126,0.010250232792963547,0.008573983732586436,0.009951508283159645,0.0016434083273111546
2014-11-28,0.017951899366798342,0.03254299613183445,0.0030193381291495768,0.024467000173420014,-0.001078001267089174,-0.014281392220743459,-0.006552203982559418,-0.002042208999920458,-0.009706790910151602,0.01140796734705868,0.009791273560207557,-0.009361213399406442,0.008908554754639017,0.0032310224120461967,0.008439389255101924,0.01721644029961649,0.003475172429936446,-0.0038278120057234372,0.02152286881962242,0.001866407005256146,-0.006914831332281002,0.0017085622178423044,-0.012236895084906364,0.0069218625215909605
2014-12-05,-0.007512074630959965,-0.01702675606067846,-0.007834843056559265,0.007356232075358638,0.027155370778911926,0.03123148969678112,0.010405691643731235,0.00992759679877809,-0.00726141525465535,-0.02040435788924509,-0.014238390530353051,0.003489709241899985,-0.0029008794912778,-0.008943778638432253,-0.013869285608161287,-0.013648296347901549,-0.01943129663690909,-0.014659731095385415,-0.014638692418125258,-0.004458169301318556,0.029277857868411236,-0.025273237242862033,-0.003663529925721166,0.011827260382108032
2014-12-12,0.03115613014617394,0.05537132283546596,0.009996555808455269,0.015306295831482618,-0.02130889264991018,-0.0421921723833968,-0.03651428036841278,0.011518251833498517,0.02064477265111825,0.019331711816322712,0.012101432497123789,-0.011819877592157933,-0.0040451505682194515,0.012383605581419935,-0.011100810619507172,0.013859840671442056,-0.016422449146016208,0.0071833394935630415,-0.005845426078962539,0.01207687612952774,-0.022008124620910743,0.016829061530863703,-0.021397400897029684,-0.017419571421812916
2014-12-19,-0.0060199967327559285,-0.01566904084186127,0.0008148069194354299,-0.016084035701278396,0.010547986749977194,-0.005253072336455118,0.014240739512541215,-0.0026319257111203634,0.010863974330922217,-0.01789001514876421,-0.010781823426358176,0.006159631150940636,0.012290545717403142,0.019054942756721167,0.0006698729464889256,0.018918669458132566,-0.004052754881922821,0.008678661499070539,-0.01136154442060197,0.003933238602461793,-0.025948305040421907,-0.015631970457669193,0.00766397942976715,-0.01160268885112257
2014-12-26,0.005117748802684173,-0.001331219507533744,-0.003822543280620017,-0.01581615407202563,-0.006080160706476613,-0.008472086521981545,0.008873382572653405,-0.0032401690302825584,-0.004841807690883263,0.016456132978528614,-0.005209279824233518,0.016055901753394015,-0.012250990119635614,-0.004817202223269739,0.020031207453959542,0.004574096445105808,-0.00293498738851621,0.005501947496851861,0.006971744317023224,-0.014359170649067669,0.006941181409588586,0.0257420219790622,0.016066765099445185,0.008389879832317088
2015-01-02,0.040122592279138,0.021116156030136023,0.012600559671631062,-0.009028105344128401,-0.04166616115149626,-0.020836972775696603,-0.018874602260545065,-0.025810085123837943,0.02834827706130088,0.021638603364697914,0.020623766845608796,0.000963820597409475,0.015497807962371844,-0.017125222824667365,0.011534569597055974,0.011545414420301287,0.025647624705183582,0.029217734938452346,0.015202520409958741,0.021879119592892873,-0.028748792214806612,0.01965186209691101,-0.0011118247729142742,-0.04328128920935792
2015-01-09,-0.022461266086506955,-0.027481376817425754,-0.009732674977508671,0.0001736574249386786,0.028790769380758544,0.03789561103951634,0.00038108076870156486,0.009184886246385218,-0.012470023119544496,-0.025159949080110718,-0.0278526441504616,0.015460626115087427,-0.03391800846617131,-0.007164880989852118,-0.010342180069155498,-0.01876768913432887,0.012728439982466522,-0.028448577356337018,-0.000929597495390855,-0.002247648928389553,0.014905697414036367,-0.03392777491725743,-0.002700453036226772,0.014403792378376938
2015-01-16,-0.003072798338170506,-0.02407819260899849,-0.014618353862386614,0.019765883798400708,0.00989402350887647,0.013841209159071718,0.011292535203767967,0.010259409850760166,-0.004712795745894294,-0.010299389004959105,0.01218952840560809,0.0009968756226319169,0.029920028987117993,-0.0014153602141795782,0.0206867885643516,0.002918862889893104,0.014995200372027975,0.02124983463115995,-0.013250092210317496,-0.0017262376806334908,-0.012308481239991845,-0.016346179863087403,0.0025588771192900017,-0.0034470406113465517
2015-01-23,0.00829181119767114,0.01927567355059859,-0.021201237698572312,0.017353596621812767,-0.012348444590927496,-0.005651049152561757,0.0008844201906801968,0.01363382294450044,0.0025337367732719543,-0.016591979987378318,0.005954833594452104,-0.000766895403912574,-0.008896862172939802,0.0037234225132187037,-0.004742872271741477,-0.009736301021983395,0.009190573728566687,0.002276506416312259,-0.004786352901336568,-0.003243557459464895,0.010519151801617787,0.0038255869329960482,-0.003298194484277803,-0.01361235418836148
2015-01-30,-0.016545836380512116,-0.04182675370938699,0.008537535030567303,-0.00471396604675897,0.030101494341788576,0.023683029537239865,0.026335302551074875,-0.0022785361295665245,-0.02171973069123047,-0.04486699903409218,-0.03157114336738876,-0.008144801008629776,-0.012774972417219551,-0.016576916348121,0.0020345629062418803,-0.0334319774203075,-0.0047249180971664275,-0.015034341371104947,0.0012082450219523151,-0.01229855193015055,0.014052463717000915,-0.023239506653412068,0.029648548109914418,0.01200095002986419
2015-02-06,0.010038567013815752,-0.022902962925398975,0.012055459829908891,-0.02446924858496996,-0.012951215076503623,-0.0026331093519162624,0.028126684698295254,-0.025273367797348477,0.002703992560830215,0.005663079604095105,0.0355193633072696,-0.02419311280682551,-0.005076139774356475,0.021340122509665528,0.011704828768801037,-0.037303518635461407,0.00032081474861735907,-0.02293151663406951,0.008149109254600393,-0.007922604828644856,-0.018522036353902666,0.009809937849882249,0.03260186565122418,-0.029074578223137644
2015-02-13,-0.011897877370373856,-0.024491941647745603,-0.0033819853586914616,-0.012240428845849638,-0.020299719448983726,0.0035521678273291966,0.01818015585349392,-0.005216409592491347,0.0016609459556118848,-0.0013341664647215199,-0.006690352010622914,0.002778465941059633,-0.0015828825781153367,-0.014171757056764201,0.02588414841838175,-0.026185530347878037,0.02168636334696159,0.019336972181306717,0.013523480955819393,-0.02882954829609834,-0.029512020075264975,0.02304442351754756,0.023246777069630853,-0.009566801361850293
2015-02-20,0.01656131029739047,-0.011201507721771552,-0.0038500084432617886,0.005222213146783503,-0.016162455060716348,-0.0039493804541450486,0.015028200391878637,-0.00018570571122601687,0.015723212272431522,0.015009792514127802,0.003184508563118955,-0.029328441969834078,-0.012032885730128675,0.0074889280937777665,-0.01637441279038321,-0.005500020425613986,0.00528181818532561,0.02009261284377698,-0.0060948066607618276,-0.010164623935599418,-0.0022057507007187463,0.006981452582195518,0.0009864731380414041,0.010541371061326077
2015-02-27,-0.008415650025456124,-0.04416637980693141,0.014059131562160182,-0.02082693582367375,0.007283593889679876,0.012057283139020242,0.04775240642628288,-0.015510459255540048,0.0005506608825910746,-0.02037039973204271,0.00659412645451147,0.01169814815455663,0.009124975992257766,-0.03414558418520925,0.024840010179818364,-0.06256983729918647,0.0015043999308778236,0.008427486548169272,0.0059848275144591895,-0.028931361930701473,-0.03862314440763205,0.009185091113080766,0.04394790276529858,0.01049414767894322
2015-03-06,-0.004203753934059055,-0.017861318117442678,-0.0061227079106158,-0.016290866931366204,0.01465988383280855,0.006917186855602707,-0.01741213475077285,-0.00336654801903344,0.011320092876055128,-0.01838080840599995,-0.011159989374185204,0.0009222541603360534,-0.028923530644348855,0.012143632854801753,-0.0302731757126221,-0.011974596943650237,-0.0048097025668589356,-0.014820555100287854,-0.010563385734554433,-0.019977230309128475,-0.0003684375518553124,-0.020797472782554706,-0.009554004336094496,0.027377563535300804
2015-03-13,-0.031297405327023624,-0.016296870089798996,-0.001843087753386727,0.009960479063337729,0.01646634437919106,0.03384584183568229,0.005979690549482953,0.014146914152175945,-0.02558810253000719,-0.04881229744115209,-0.009112930716537834,0.012509436677766154,-0.0021215713662122273,-0.007017536407609062,0.015135771539380513,-0.013832623728566114,0.001261967357724908,-0.011888666387741666,0.019232149483565185,-0.003930358588112447,0.001848463609153625,-0.029520784479472227,0.021416184579587515,0.02224527883654248
2015-03-20,0.009800824765234905,0.03394782059481552,0.006431331527432792,-0.018186876681624754,-0.007342280542854313,-0.01584529268618837,0.00029612809958450524,-0.010326594288114211,-0.005901467600171382,-0.014818055953396997,0.025096803942958313,0.0012171413019880142,-0.0004896609239894521,0.005247668308486194,0.010501352157317439,-0.0008991570479080528,0.010702405624912328,0.005752074774124189,0.009764732595271795,0.003487672401543053,-0.0008948578084608039,0.0027714917774711687,0.025009533957661704,-0.00909246467730225
2015-03-27,0.001243153487825175,-0.00308415845198902,-0.007377633756999581,-0.01137031446115158,-0.0006472446111452112,0.00012270399584215098,-0.012578052227334467,-0.007418702852689784,0.0012591726745540396,0.010479023458497914,0.00494568858219628,-0.029889057531645863,0.006160319111680576,-0.008685043777120299,0.006757194241963673,-0.004793453210650603,-0.002412194682820552,-0.005524400134488248,6.344700546859677e-05,0.013560216350904134,0.0016161031042494422,0.011742400334973657,0.01521691484161876,0.012064015422128298
2015-04-03,-0.024575375283717626,0.005229354550079007,-0.005397742545070229,0.006771681064177878,-0.008429332277275318,-0.008526026971619504,0.028893798280353787,-0.01143521784917018,0.011913263840754062,-0.003114215395886799,-0.006350946549944475,0.0006024414333494468,-0.016990318941507484,-0.0023699439223880273,-0.01138364644171357,-0.009577577305262302,0.01116107152807452,-0.0009341251240092205,-0.017349199488088954,0.007327348873865777,0.0015650951714557735,-0.007433808695215932,0.013268299319393887,0.0017922629780267327
2015-04-10,-0.02614856264074735,0.023233581100240267,-0.005719847322749655,0.0032156900498844653,0.008769630519984004,0.0278993990782964,-0.013285023129700535,-0.0063613384342147555,-0.012147503626941248,0.008076098381256764,-0.004291492453291775,0.0030895034009581434,0.010477084994153243,0.015694323991088208,-0.012615878122627745,0.00341921863287313,-0.0014855725773354278,-0.02234094725188635,-0.003398815240849621,0.013637908377447727,-0.01262719600685423,-0.014981612155632817,-0.014851959407210305,0.022806970712850407
2015-04-17,-0.03591496774227725,-0.014679294734310715,-0.009995218214545774,0.01239239714006477,0.014557803650465474,0.04000392223758049,0.009370764004497918,0.004739679104103062,-0.002741989342906594,-0.01650208933364885,-0.002691314079203132,-0.009613552652993122,-0.016457733681749687,0.007811861206207951,0.00944214886464182,-0.028628431416335077,0.012285604191914407,-0.016754137765594573,-0.024742822916602198,-0.03205992311584487,-0.010141414792100721,-0.011494162320196389,-0.003862278222749054,0.0209344154947607
2015-04-24,0.008658076622641134,0.007001222750685803,-0.0019330303614520281,0.002568511204196293,-0.013624759363621671,-0.032213742907502604,0.0017046366942313085,-0.014811373133579438,-0.003346906735975489,0.009765344616967462,0.024728333366454337,-0.00816550326370058,-0.0012433898098802047,0.012771817834706857,0.027181788565590427,0.011681405243019652,0.017887001978953557,0.029975440068542875,-0.006336667614561774,0.0018245143592325402,-0.024139297922593807,0.0074622141501200865,-0.011890722001795383,-0.02078060064033173
2015-05-01,-0.014705534119163281,-0.005389925856146037,0.004239134948854584,-0.0003047517247224971,-0.01605497140875126,-0.0018832337581394009,-0.01949295347571993,0.007749574322905861,0.00392749383057448,-0.0013296471252419967,-0.015462741090312874,0.005719355797059865,-0.00840866620910671,-0.011644445298584247,0.005651804551638464,0.010554064690216827,0.009257243368094012,-0.013330402371750075,0.012915853431641755,-0.0028373910951387925,0.011325511871818168,-0.011415762308954983,-0.005868376553713424,-0.023822865496669888
2015-05-08,-0.020131424460613223,-0.009293153816873316,-0.010277099966434736,0.02270666191399198,0.004171027035292867,0.014902669130180374,-0.010569196640553431,0.005437066938528333,0.005811162327468391,0.0035680246065016435,-0.024468871653492655,-0.0009515577090323845,-0.021794526154270813,0.019282222845250663,0.006323024858739151,-0.002648696734786917,-0.022090407436758712,-0.03357363629305327,-0.0007810343912393407,0.012443751368421966,-0.014893692659851828,-0.01781856759149985,0.014278373805522769,0.013142232372034261
2015-05-15,0.018756381335033465,0.013690363569882864,-0.013687385561407714,-0.00176360787697022,-0.00233750321589107,-0.013948757518846952,-0.016073849791744355,0.019388513015433283,-0.010866527963901286,0.015288184631424648,-0.005883495081467214,-0.00043763231468444715,0.007056034199854722,-0.00488127249849952,0.004637967752953177,-0.020539585529397553,0.004636759028589705,-0.028162649082420808,-0.0034118763352156767,0.013392192550884828,0.007138124812388876,-0.016324361592828514,-0.018322018800859458,-0.009800327958675399
2015-05-22,-0.00020293492984243882,-0.03107046777004012,-2.2678642553306043e-05,0.002209232492680146,-0.0008881453654431657,0.01081617369512643,0.006987061246018321,-0.006585377081343345,-0.024696691238330227,-0.0020243976671545294,-0.012360175307120469,-0.0060714679328147635,0.004685827779594545,0.015137169635181772,0.0009551058247974472,0.0026444378714717337,-0.017230875487461366,-0.00018253837277520382,-0.0003263951731118435,0.012286567109063107,-0.00521526717659928,-0.0035269488015254855,0.016341558031554224,0.0018921102264865455
2015-05-29,-0.002470045046266075,0.03761270926395577,-0.009458729401976868,-0.0017876105519852976,-0.007728300535672146,-0.01105454187783755,-0.0026119834804970345,-0.010162373150578347,0.0015073645362334099,-0.0040389264067502186,0.036294542185513215,-0.0077009576378184825,0.01235102862512473,-0.006301399546886757,0.00033828909289564373,-0.004431975871043268,-0.01512519972922143,0.009834437426926908,-0.0030550362232508533,0.010330711769864317,-0.020852199573098973,0.0021904715649259682,-0.00755644014497843,0.006947770452902961
2015-06-05,-0.017792892117471964,0.01384670737521615,0.007144237579833839,0.003000353363710015,-0.0080623070962446,-0.009699690892658461,0.0007513408289638954,-0.005391631816135455,0.0028990363982457686,-0.001454662690709377,-0.005929628863554452,0.009721705023891048,-0.014967099507092796,-0.004628315025954224,-0.00020819745719665404,0.00048497914081647303,-0.0374090043606417,0.0009153522597018359,-0.01554001865863197,0.015789301005349254,0.021563542457499873,-0.009288464812681299,-0.0003454939192365017,0.007342125558750426
2015-06-12,0.041119390583925115,0.016297785874594517,0.004336406749414178,0.011098259566554247,-0.026018532509316315,-0.019000904394837315,-0.0180993674800011,0.014069639305889524,0.035694060427749294,0.026836374937143595,0.023842471589526393,0.004772807581153823,-0.003979053015941512,-0.013497302861163532,0.017359616432247163,0.016307956714800245,0.001796946294198751,0.025487255235990294,-0.027233621876866065,-0.00032132145801358784,-0.02170863964310939,0.025465230258918087,0.00588772579016647,-0.016111626487661315
2015-06-19,0.003971101303032353,-0.01882177387995802,0.006902344609995281,0.007503587830223409,0.015780447981289032,0.026528210608957062,-0.019994319807650273,-0.004223487820069825,-0.009250243950838653,0.0012964438290736743,-0.0004895720719462291,-0.002465962683619728,0.011967649141242263,-0.013218645378781644,-0.012652667165975393,-0.012625526393480267,-0.004510956298143714,-0.015617071198453139,-0.0006579497395346089,-0.0019479984910466522,-0.008987393302363523,0.009932181150743012,-0.00064272284256806,0.013538380011056813
2015-06-26,-0.005106873372375995,-0.006918927119275615,-0.0067718072703875426,-0.0014888366844706955,0.011424548052492357,-5.98994767636021e-05,0.01030962325560136,-0.009498262338547463,0.007540833170228075,-0.010787377039871827,0.008902484996895195,0.0017681968744690693,0.01702491809071772,-0.015523998437894882,-0.01657122691913985,-0.011230542529089641,-0.01666463994751139,-0.0200528977694172,0.007753020004045553,-0.002226314720197469,-0.004278919756182112,-0.0056228013818152515,-0.003859868471959804,0.023080087946768506
2015-07-03,-0.02648629355140959,-0.029975176278147588,0.004361717583142853,-0.0018720450122672169,0.04375281658761495,0.017626904212000423,0.01293977025235214,0.024941989131645914,-0.01356673618477359,-0.024964090331431807,-0.007440895599528508,0.015003948848810896,-0.025327511610407635,-0.011081212766116288,-0.036629612372789826,0.003460012386775912,-0.008333115551818985,-0.02137111954417341,-0.02285188571286391,-0.008853792413137706,0.004743795413295025,-0.022170323751835773,-0.00152864154216561,0.024243178358444428
2015-07-10,0.03729179017645537,0.02279505777865613,0.013642815374698579,-0.005219160661156299,-0.030595600261088395,-0.021683436889752442,-0.03315866365003732,-0.0011387962322562013,-0.003767602632195534,-0.009849216242851152,0.02592094008708555,-0.010274762105536883,-0.01517109223465108,0.016372673488957965,-0.012390322541403846,0.026243693986360995,-0.008437865543754813,0.005987585543415112,0.0032346454205823116,0.01434391501416987,0.003811970650100126,0.0027786509229280575,-0.004772975246356613,-0.002822481607871819
2015-07-17,-0.0028597202177297804,-0.021292041074071292,-0.016126765781188147,0.0021275058000635293,0.005759008442068021,0.006093667371365193,0.028870291849220922,-0.019197919397825128,0.01607787514958097,-0.009627026463434777,0.003257100113121037,-0.0031344639075182906,-0.022199364598926262,-0.008110507724633821,0.009521199953761862,-0.004321808338681055,-0.0012670216042107707,-0.033555321672692096,-0.016845306497328003,0.01598626303705785,-0.010556659272331724,0.017197435483439435,0.0010224719905579244,0.004952590535790859
2015-07-24,0.005619412083372775,0.010363506548758608,0.014648424255451646,0.008437005307860864,0.008291424618255357,-0.006190904221460363,-0.00974215798291967,0.028170466724047605,-0.0002783405183210898,0.025504612016677468,-0.01518072210175981,0.011178830477834809,0.004535048052953724,-0.002436265273743899,-0.008476225297529063,0.015707597334754107,-0.014544946321683853,0.004275257228191625,-0.0019296192140507535,0.013610143312679688,0.0011013274923879633,-0.00862617500534873,-0.023239936226246483,0.0006913658438647734
2015-07-31,0.009697699719401348,0.062388470007973915,-0.014773270930047473,-0.00203155725820333,-0.024560898049762483,-0.003362582077228001,-0.03230058567770388,-0.0006116579801049614,0.0117803378600788,0.02477275675946017,0.02629581503604786,0.007467852116260393,0.0025415842478111877,0.007635447754910941,-0.02419032284149495,0.017056875823980702,-0.007273075315412392,0.018496104723020598,-0.020311079971504983,0.011303275558966576,-0.03008195767081879,0.011077755502230072,-0.02595804678499955,-0.02936548047650246
2015-08-07,0.01699098711884168,0.014330883637703538,0.013853454537014809,0.02022734058924251,-0.012542199105330921,0.012522724410328624,-0.022024863051833786,0.00857880885906762,-0.004166174230015402,-0.006895611606719905,0.0089324096459629,0.010152719496762067,0.012377615481135924,0.00436702375492125,0.0004006477156680945,0.010495688756032087,0.00374154858186402,0.01039442047239526,0.0021512630647918954,0.012427674643624709,-0.0212089362908017,-0.00040056315205841343,-0.020153138380072516,-0.0003604152521986337
2015-08-14,0.01862523942461357,-0.005093750583868567,0.0009482395238632464,0.009621520896037065,-0.02358815717475694,-0.005175175378934698,0.0033405511184933,-0.03350085758480524,-0.0120286104117806,0.012664049200324871,0.010629590413899308,0.005063379156520057,0.010044225749915703,0.0034106131133503563,0.005590303617263938,-0.002938547541259921,0.000821115973790259,-0.008636540210219723,0.014776932006605216,0.019463166009982564,0.017252705696439472,-0.006163429303718194,-0.012866922988904031,0.016186527491122513
2015-08-21,-0.014501127827261973,-0.01718036090315448,-0.013006848123335427,0.004477864056078447,0.009802003724012286,0.03721738252595403,0.023439420065317407,0.03222500281772259,-0.0006160750891292237,-0.03698007072658261,-0.01587025256304586,0.03509900417908393,-0.020338096548371397,0.0002029106625403204,0.011656215716008732,-0.00017012537561572182,0.024328078704850976,-0.03233245289130087,-0.01423921452599009,0.01704561320806011,-0.0020335160188787206,-0.01794975719845618,-0.0006049995802216491,0.03352393746515196
2015-08-28,0.025198947495124545,0.020378954479334355,0.0002939107791611814,0.014079596278653302,0.028860535405207645,-0.0160389080284528,-0.002156219408935708,-0.02740506642361168,-0.0002074816114424928,0.013830365014062013,0.009894213159446476,-0.008340723235383292,0.029802911018562785,0.012786138886785606,0.004034000245894452,-0.01029981091454915,0.021176338030584656,0.019082377278369745,-0.01824151606558782,0.004604979443321109,0.0017537279919201624,-0.015055844848707525,-0.007479028824978224,-0.018815228118663832
2015-09-04,0.03913128992785836,0.026776365705299614,-0.0026470960891578797,0.010496242371167886,-0.03844683983209088,-0.03682341893516403,-0.02535099529973174,-0.03355029574998966,0.022449789378165705,0.03318290861741835,0.03665905103079925,-0.019844017782936735,0.0047026227755732845,0.01618301261474932,-0.01182604620298096,0.02779156012384306,0.02324621160591974,0.044494168770100415,-0.005242726245281333,-0.011573848091816608,-0.020185445771182857,0.006235554899428095,-0.013944838346211757,-0.022999397250692243
2015-09-11,0.006599114503407176,-0.009398706341167573,0.007016501847297782,0.006924309684474671,0.019556315008408848,0.007389655583966786,0.009461750567686524,0.008052092862353557,0.011662153835372464,-0.015295088530020593,-0.0037304132775512673,0.0002986942705911364,-0.00357632436833569,0.007427863212208714,0.0052100147350714,0.007518479231124501,-0.0031913432997432746,-0.009749173042430816,0.012341399782473863,0.007168485986008763,-0.011361202338515008,-0.0044318124035526195,-0.024656845735559735,0.0010492923093358474
2015-09-18,-0.05279593188813234,-0.059543287721664784,0.006421424890182392,-0.01607296722389807,0.06313614342209423,0.09773930639883899,0.03111063140476856,0.02922175921662066,-0.035662254484180096,-0.06584113290173192,-0.04810185271803981,0.0142417083669953,-0.03236500624693308,-0.0026619318184535863,-0.012989364419806384,-0.01381979106245844,-0.02753453922463364,-0.0648095577186773,-0.007264108244876328,0.0020077856972478734,0.05149303173662356,-0.03402887952454377,-0.01721453174262316,0.05584810271180874
2015-09-25,-0.05745080209177361,-0.0811428755262708,-0.02824443226152091,0.013909431538184063,0.05613206122212004,0.10195540227218755,0.03606784825867954,0.04009557774161947,-0.008737920097427201,-0.05990268802585198,-0.05789871530717485,0.04114028992590224,-0.03743859055313507,-0.0024177426092942727,-0.02432471753421881,-0.04677899029671448,-0.013267129803448133,-0.06867094826579495,-0.025204599582704712,0.0032239602916981826,0.027083159809522722,-0.0278146702551797,0.009424571867688539,0.05270798165689524
2015-10-02,0.0445834326502657,0.04783170853666627,0.02375991561097824,0.006448062642161485,-0.0487414681126484,-0.0582044551977305,-0.0387356086855538,-0.036271862375520485,0.02526888698291469,0.03361407217059429,0.020477883903651864,-0.008740498270127578,0.026590921046252085,-0.009968394362758903,-0.0035604451665250175,0.015919101321508235,0.03001621411814978,0.061171477728311,-0.0024948901418482185,0.011678364234818328,-0.04130008566549981,0.020142472583980178,-0.011874034687101496,-0.04032603796112293
2015-10-09,0.03301025458373923,0.06705047663149183,0.004373977621042626,0.009269008908620601,-0.03968975739644185,-0.060820771902315954,-0.033000961597553065,-0.004745637345440333,0.020046286381391606,0.027857229166963506,0.009302608162308792,-0.008960602959708974,0.03317507739271442,0.014213580943607198,-0.010536454317456603,0.03693989654131988,-0.009950688498924507,0.05677582352026245,0.001403813230479362,0.007342133545471689,-0.020916859939081055,0.010736804609592858,-0.009917819385521796,-0.04058065752579681
2015-10-16,-0.0038848035634064873,-0.011042195968015228,-0.008180979353523384,-0.002018668695681261,0.009139437309242222,-0.007457143879922053,0.014960502336392295,-0.0015397163338145988,-0.002095744652491997,-0.008764197592102844,0.0015376187601758282,0.017983263324211424,-0.016619341841738702,-0.009522993944450768,0.012359499101454337,-0.00526239205460918,0.006127913637448903,0.025459768150385503,0.008633951428283425,0.006368085698939352,-0.0007689263740639999,-0.012794956989656674,0.006640638091182698,0.01589147775062764
2015-10-23,0.0194050778845632,0.008111719017150801,0.003194935182472878,-0.007934632585666356,-0.01829003748638093,-0.008871961655985465,0.014681363763208822,-0.024957342180630095,0.014363352264229308,0.002910980620130953,0.021402740171828753,-0.009408569518169364,0.025865786299560482,-0.01092478065042024,0.01121935648889821,0.004165197992132143,-0.0047783433287198656,0.014313595666615286,0.0002112532325399541,-0.015100912290367358,-0.014204085840961889,0.027260016111700543,0.002341293148382527,-0.006297934568657292
2015-10-30,-0.014198540972270485,-0.06356984458872961,0.00678252228583928,-0.02736913866774645,0.026113934470450854,0.02654827149796519,0.029755274630581606,-0.015245020487705967,-0.00907538923594006,-0.014863988464646002,-0.017195080252010084,-0.0007487362873480714,-0.002438313981512112,-0.006871833863780415,-0.019997142363082122,-0.003495225367833199,0.0066683359977070655,-0.014471583867392623,0.0007779035255741833,-0.03881723287306775,0.017556110843289327,-0.0121047195135749,0.031201099274821984,0.019144067807704043
2015-11-06,-0.0034418503674308295,-0.03936085123660834,0.013022903382976288,-0.02259569233924707,0.03301320364135226,0.04177193354600167,0.041273623871685566,0.01040422083968004,-0.006015907933434364,0.0008281528275462576,5.126664885300551e-05,-0.017072075774263815,0.01554825094637165,0.002751244428016924,0.00938400486501498,-0.03447592763728855,-0.004558993074423269,-0.03114552818161562,0.014364272343259439,-0.033861052638203,0.006249100892588852,-0.008187855928940795,0.0031737898576237114,0.012266191906665242
2015-11-13,0.03111726318424586,0.05947373172841165,-0.008728170451902807,-0.0031842272196020696,-0.06631791804772999,-0.07926873574692715,-0.0016161425257811314,0.009045431911701703,0.01769488700090945,0.028385958206498703,0.02291091704153602,-0.00451027775819038,0.010102298284221236,0.007917432295423774,0.001951197941410554,0.016251713914962756,0.0003184383795341011,0.04417002376747268,-0.009998849591206383,0.010612452280677233,-0.025706675949097153,0.02363224205132754,0.004249906260737577,-0.03908726237558409
2015-11-20,0.028086285985426743,-0.002586147543620885,-0.0015859664676893441,0.0014583090895444696,0.004632306590408891,-0.04798159956335868,-0.008224272338036957,0.007878509583220247,-0.0018560212530359787,0.014515257757984946,0.01826409923240284,-0.005330967220893984,0.02679150554420692,0.005477213611555406,0.019378160573471182,0.003143867881132168,-0.004790648317145495,0.016544244844882337,-0.012275845209214709,0.005049345546545619,-0.014550057084122912,0.004078244473666474,0.004307320091904625,-0.031058377639640106
2015-11-27,0.020029591430968625,0.00876955490996726,0.01601871039504841,-0.003127589488821359,-0.004003010174124073,-0.01396616863604581,0.0023528368328718614,-0.0038225199370393722,-0.014932975825991911,0.023658919305606284,0.007267610300247112,0.0048359942405303315,0.013293142861405698,-0.008033008270139575,-0.010014856218460632,0.014461252515552855,-0.0014881085457698834,0.023655197839940748,-0.0015050775658006442,0.013447297258583667,-0.0011000911824976933,0.010426394022712535,-0.007717583853519626,-0.008505772281667497
2015-12-04,-0.02120677723043625,-0.0484257249540195,-0.0005782575208209267,-0.004658855612893061,0.03965986293299579,0.07377820133645385,0.036059382841159345,0.017897294766390848,-0.013986218952465374,-0.04647349959784855,-0.029486513753084708,0.01899200197385469,-0.006296554638941982,0.00489358083051193,-0.01649148850446566,-0.009992338677843358,-0.008153629494058137,-0.05274704598385679,0.013947365337707032,0.013729841643344134,0.023521735382308742,-0.014461314867266456,0.01983061749508979,0.0539520955725077
2015-12-11,0.000770974256362713,-0.025730512673807066,0.0223938908004035,0.011932634931357643,0.0024741236213909447,-0.0006813882656579381,0.010153556598432532,0.0007961090794861075,0.00033390215033881395,0.0006600881354460117,-0.013201648629309884,-0.009918505904670923,0.0009101967981993008,-0.006892436403462867,0.000602060405308487,-0.020314579696379523,-0.0047741007822089815,-0.0005069251759885433,0.006658722857212265,-0.009727763178601904,-0.00941998554337467,-0.005216164838267433,0.008333429217649357,0.01308595684203015
2015-12-18,-0.007157964062375082,-0.00022423096230667593,0.01826847306850562,0.001476697584992019,-0.018589500128835965,0.004572230815677161,0.0271581864044415,-0.015858304733203453,-0.00034821002309583574,-0.0045252044612820634,0.0010542817572937236,0.0026377818169523405,0.013258677379370913,-0.00023577684494194198,0.01640182004858377,-0.0038279176322530083,-0.003982319637604581,-0.00942575403093685,-0.021481500998396453,0.0016265313062489395,0.025137429193129855,0.00552270592132788,0.010621715620427852,-0.0035793019429482143
2015-12-25,-0.008178200739485572,-0.014034318423843903,0.02645765604261806,0.01063432553089459,0.01468961791497344,0.01305317624179197,0.02124614028876593,-0.013421709213593019,-0.021621423697724268,-0.02473311022951005,0.001829405569111056,-0.0022388345102916426,-0.019691109330023916,-0.0098173838074174,0.004696194282849155,-0.031142686750669873,-0.002240092629942251,-0.01166761629708212,-0.0047539385070849306,-0.0015823962438852382,-0.020526745079082958,-0.021990965306521115,0.01763491452327555,0.00909371256282995
2016-01-01,-0.025084232367103717,-0.05348384228868358,-0.015659289179804727,-0.006801160012871333,0.026644522673200773,0.06508102779699643,0.01992753681018984,0.011168076372075873,0.015103535144646114,-0.03641367885800495,-0.014528570376111674,0.02027570409773024,-0.00499515569835883,-0.0031287313309993656,0.002875732919070221,-0.022078507041660648,-0.011717886567969096,-0.03120225247079068,0.023644799352256936,0.00693906549706842,0.02055136406104415,-0.0072051658170676856,0.004280640734125301,0.02910491824971482
2016-01-08,-0.0021236760230154434,0.013557429703409375,-0.014386072015900128,-0.003025530489279594,0.04112896149362704,0.017798495495845217,0.018642530090315114,0.013998677970786973,-0.0020121741067578663,-0.013999753956050041,-0.0030010037925872167,0.022830944637764927,-0.018971601551932383,0.000679921864708743,0.003141914547938005,0.00041986763611612894,-0.0110111905355281,-0.0021189475042010016,0.010267922182045922,0.0021034271994265436,0.010799231249521602,-0.027088106318836513,-0.018534006695882246,0.01382263147505836
2016-01-15,0.004705153348168518,-0.021389524755476036,-0.004937312702289469,-0.017502475940208213,0.00030374695893905113,-0.026104112496610987,-0.0018748661596764572,-0.030135686850389823,0.005553089511834378,-0.02164013739315461,0.008106011895326577,0.016989003553961237,0.022407571361866954,-0.02845052196671984,0.011432249728977068,-0.020733286957231326,-0.010755641953316969,0.0021482440082307777,0.01744760767919719,-0.002417161849871374,-0.01164227220867451,0.015603024679301759,-0.01490838491495736,-0.011537478397894896
2016-01-22,-0.02531367801367459,-0.025163494061708112,-0.00449039234388844,-0.005800442040179684,0.0143047029889719,0.024693784696085547,0.02030482061190272,0.00719033523703624,-0.011116329436298223,-0.013297853581490642,-0.0004869048947941119,-0.00031894508516510257,-0.0077724038661772235,0.009666557809265851,-0.012054004306249722,0.008275991767329328,-0.01822275556922709,-0.022414561161474715,-0.011467993330890986,0.021134209794960807,0.0026018699512512043,-0.014494530557949508,0.004729845693540156,0.01800137669093398
2016-01-29,-0.019080297220159092,-0.031247834596667072,-0.043642497731736035,-0.00472598050056357,0.016177818901741612,0.03746055699961248,0.03261071888757585,0.001566726474532213,0.0018483005420237477,-0.032200569953858234,0.000136109404143471,-0.0008479429166024467,-0.02106259207266147,-0.00830623792462773,0.01989329748847174,-0.013936111412804673,0.016543059408261285,-0.027295223632109934,0.013144334837038998,-0.01545835799962194,0.011034648406679986,-0.0046022601207455025,0.020388106040514796,0.020073743541989382
2016-02-05,-0.030418067209496205,-0.024876209821557544,0.017723986465121293,-0.012386056759811057,0.0009191306138982315,0.039847648686688227,0.014490336133239351,0.006340638959935899,-0.003989093639487141,-0.030480876276904934,-0.018039773241843866,0.007726551102994314,0.007755877069187745,-0.005136359406548942,-0.013669031787423062,-0.032287332862898,-0.0015127139202804332,-0.038975909052792954,-0.018999814947822317,0.0011326294564656366,0.020322835455956534,-0.016552367482117726,0.015474481217114663,0.025665952596108044
2016-02-12,0.015152633499612028,0.010835793768388445,-0.028445563158268617,-0.004152193922003319,-0.0025281811562340526,-0.01496601091639618,0.001457931843584087,0.002636616692954912,0.003987985009375368,0.024477037110213776,0.021626981548112673,-0.005204525063417866,0.0014479479586676797,-0.03659086921701983,0.00017618794077765235,-0.0166155439014865,0.0054595802179927405,0.010290091422535223,0.009928972962993578,0.01304322531015587,-0.005119242499658142,0.034458169062755034,0.00645628416642775,-0.02310028205060181
